year,sector,continent,total_value,algeria_export_v,demand_gap
2012,Agriculture & Food,Africa,37004105.695,15361.383,36988744.312
2012,Agriculture & Food,America,234410580.752,6988.339,234403592.413
2012,Agriculture & Food,Asia,430345311.335,122223.564,430223087.771
2012,Agriculture & Food,Europe,564633672.802,100262.897,564533409.905
2012,Agriculture & Food,Pacific,16730280.488,132.35,16730148.138
2012,Agriculture & Food,Unknown,1469194.447,2029.016,1467165.431
2012,Arms & Ammunition,Africa,199579.627,0.0,199579.627
2012,Arms & Ammunition,America,3786110.782,0.0,3786110.782
2012,Arms & Ammunition,Asia,2870841.361,0.0,2870841.361
2012,Arms & Ammunition,Europe,2785376.345,327.189,2785049.156
2012,Arms & Ammunition,Pacific,436319.724,0.0,436319.724
2012,Arms & Ammunition,Unknown,4732.434,0.0,4732.434
2012,Arts & Antiques,Africa,43251.197,0.0,43251.197
2012,Arts & Antiques,America,7393361.483,101.443,7393260.040000001
2012,Arts & Antiques,Asia,2569734.193,91.428,2569642.765
2012,Arts & Antiques,Europe,10444179.009,10.758,10444168.251
2012,Arts & Antiques,Pacific,150548.384,0.0,150548.384
2012,Arts & Antiques,Unknown,757.2620000000001,0.0,757.2620000000001
2012,Chemicals,Africa,17257500.419,51780.628,17205719.791
2012,Chemicals,America,324673853.392,352.915,324673500.477
2012,Chemicals,Asia,403454674.1,4955.838,403449718.262
2012,Chemicals,Europe,670687581.96,694616.4990000001,669992965.461
2012,Chemicals,Pacific,25005741.314,0.0,25005741.314
2012,Chemicals,Unknown,2322841.099,17.923,2322823.176
2012,Energy & Hydrocarbons,Africa,31257843.911,3596367.767,27661476.144
2012,Energy & Hydrocarbons,America,616026853.044,19738044.919999998,596288808.124
2012,Energy & Hydrocarbons,Asia,1113512038.038,5223323.339,1108288714.6990001
2012,Energy & Hydrocarbons,Europe,1067606156.652,43898959.351,1023707197.301
2012,Energy & Hydrocarbons,Pacific,39389579.54000001,32794.582,39356784.958000004
2012,Energy & Hydrocarbons,Unknown,3305454.695,0.0,3305454.695
2012,Footwear & Headgear,Africa,2220508.078,0.0,2220508.078
2012,Footwear & Headgear,America,39961213.449,1.2510000000000001,39961212.198
2012,Footwear & Headgear,Asia,29353699.682,13.885,29353685.797
2012,Footwear & Headgear,Europe,55650698.629,206.483,55650492.146
2012,Footwear & Headgear,Pacific,2083385.3530000001,0.0,2083385.3530000001
2012,Footwear & Headgear,Unknown,166965.325,0.0,166965.325
2012,Furniture & Misc,Africa,4827075.827,1641.345,4825434.482
2012,Furniture & Misc,America,110972471.269,208.27100000000002,110972262.998
2012,Furniture & Misc,Asia,68531811.425,164.02700000000002,68531647.398
2012,Furniture & Misc,Europe,134609612.253,877.4639999999999,134608734.789
2012,Furniture & Misc,Pacific,8139221.3440000005,0.0,8139221.3440000005
2012,Furniture & Misc,Unknown,347560.288,0.0,347560.288
2012,Instruments & Optics,Africa,3946081.357,1816.416,3944264.941
2012,Instruments & Optics,America,118995915.527,417.82800000000003,118995497.699
2012,Instruments & Optics,Asia,213378030.379,168.168,213377862.211
2012,Instruments & Optics,Europe,184110969.759,7236.295,184103733.464
2012,Instruments & Optics,Pacific,9587130.861,1.515,9587129.345999999
2012,Instruments & Optics,Unknown,306010.501,0.0,306010.501
2012,Machinery & Equipment,Africa,50504551.134,446.51099999999997,50504104.623
2012,Machinery & Equipment,America,997967934.258,3905.789,997964028.469
2012,Machinery & Equipment,Asia,1553571877.119,10157.584,1553561719.535
2012,Machinery & Equipment,Europe,1244959716.565,72091.83,1244887624.735
2012,Machinery & Equipment,Pacific,68612847.668,2.152,68612845.516
2012,Machinery & Equipment,Unknown,3410443.8680000002,0.047,3410443.821
2012,Metals & Metal Products,Africa,19780517.47,37064.024,19743453.446
2012,Metals & Metal Products,America,223711257.119,4097.369000000001,223707159.75
2012,Metals & Metal Products,Asia,405653890.747,10014.989,405643875.758
2012,Metals & Metal Products,Europe,498767522.071,34366.839,498733155.232
2012,Metals & Metal Products,Pacific,14348685.184,0.014,14348685.17
2012,Metals & Metal Products,Unknown,1788322.912,0.016,1788322.896
2012,Minerals & Raw Materials,Africa,3835744.706,431.438,3835313.268
2012,Minerals & Raw Materials,America,19363951.786,31707.589,19332244.197
2012,Minerals & Raw Materials,Asia,190086999.884,12015.449999999999,190074984.434
2012,Minerals & Raw Materials,Europe,52881538.732,229738.243,52651800.489
2012,Minerals & Raw Materials,Pacific,1324158.942,0.0,1324158.942
2012,Minerals & Raw Materials,Unknown,136612.19700000001,0.0,136612.19700000001
2012,Plastics & Rubber,Africa,13069201.470999999,6280.384,13062921.087
2012,Plastics & Rubber,America,154712652.678,63.11899999999999,154712589.559
2012,Plastics & Rubber,Asia,221488110.22800002,6340.785,221481769.443
2012,Plastics & Rubber,Europe,299076372.864,3883.87,299072488.994
2012,Plastics & Rubber,Pacific,10891631.129,0.0,10891631.129
2012,Plastics & Rubber,Unknown,1409243.307,0.116,1409243.191
2012,Precious Metals & Gems,Africa,637562.795,0.0,637562.795
2012,Precious Metals & Gems,America,66763724.798,175.489,66763549.309
2012,Precious Metals & Gems,Asia,334955029.305,2922.096,334952107.209
2012,Precious Metals & Gems,Europe,232621189.609,6356.406,232614833.20299998
2012,Precious Metals & Gems,Pacific,5901099.23,0.0,5901099.23
2012,Precious Metals & Gems,Unknown,14985.528,0.0,14985.528
2012,"Stone, Glass & Ceramics",Africa,3366245.701,11582.752,3354662.949
2012,"Stone, Glass & Ceramics",America,31165720.1,2.709,31165717.391
2012,"Stone, Glass & Ceramics",Asia,44613331.547,110.272,44613221.275
2012,"Stone, Glass & Ceramics",Europe,59389419.046000004,19095.688,59370323.358
2012,"Stone, Glass & Ceramics",Pacific,2236506.687,2.988,2236503.699
2012,"Stone, Glass & Ceramics",Unknown,266021.485,0.0,266021.485
2012,Textiles & Clothing,Africa,15318799.733000001,3.977,15318795.756
2012,Textiles & Clothing,America,156939230.104,27.783,156939202.321
2012,Textiles & Clothing,Asia,207476638.24,732.288,207475905.952
2012,Textiles & Clothing,Europe,259963178.646,571.088,259962607.558
2012,Textiles & Clothing,Pacific,9933281.602,0.0,9933281.602
2012,Textiles & Clothing,Unknown,873616.974,0.0,873616.974
2012,Transport,Africa,25483957.865,279.569,25483678.296
2012,Transport,America,497826308.376,72.37899999999999,497826235.997
2012,Transport,Asia,409073614.79,546.93,409073067.86
2012,Transport,Europe,635585398.626,11122.801,635574275.825
2012,Transport,Pacific,43152544.905,0.0,43152544.905
2012,Transport,Unknown,1419317.192,0.243,1419316.949
2012,"Wood, Paper & Leather",Africa,7839167.061,3533.9100000000003,7835633.151000001
2012,"Wood, Paper & Leather",America,91319285.04100001,643.026,91318642.015
2012,"Wood, Paper & Leather",Asia,147576053.279,12577.654,147563475.625
2012,"Wood, Paper & Leather",Europe,206327557.662,35971.191000000006,206291586.47100002
2012,"Wood, Paper & Leather",Pacific,7336214.051,4.107,7336209.944
2012,"Wood, Paper & Leather",Unknown,968657.903,0.0,968657.903
2013,Agriculture & Food,Africa,39387780.417,42698.572,39345081.845
2013,Agriculture & Food,America,243111148.555,8890.528,243102258.027
2013,Agriculture & Food,Asia,474389463.441,104938.154,474284525.287
2013,Agriculture & Food,Europe,606083864.352,167942.825,605915921.527
2013,Agriculture & Food,Pacific,17545698.34,33.015,17545665.325
2013,Agriculture & Food,Unknown,1613945.212,2068.8199999999997,1611876.392
2013,Arms & Ammunition,Africa,181169.275,0.0,181169.275
2013,Arms & Ammunition,America,4378245.9350000005,0.0,4378245.9350000005
2013,Arms & Ammunition,Asia,2431011.106,0.0,2431011.106
2013,Arms & Ammunition,Europe,2753857.77,2515.2110000000002,2751342.559
2013,Arms & Ammunition,Pacific,446323.595,0.0,446323.595
2013,Arms & Ammunition,Unknown,4516.037,0.0,4516.037
2013,Arts & Antiques,Africa,27326.487,0.0,27326.487
2013,Arts & Antiques,America,8588399.172,75.25800000000001,8588323.914
2013,Arts & Antiques,Asia,3443224.195,39.088,3443185.107
2013,Arts & Antiques,Europe,9350234.832,37.803,9350197.029
2013,Arts & Antiques,Pacific,158573.385,0.0,158573.385
2013,Arts & Antiques,Unknown,450.33799999999997,0.0,450.33799999999997
2013,Chemicals,Africa,21408176.664,52058.713,21356117.951
2013,Chemicals,America,327588376.975,1510.046,327586866.929
2013,Chemicals,Asia,422328894.591,7001.258,422321893.333
2013,Chemicals,Europe,688329806.252,469633.449,687860172.803
2013,Chemicals,Pacific,23003727.645999998,0.0,23003727.645999998
2013,Chemicals,Unknown,2325130.771,17.644,2325113.127
2013,Energy & Hydrocarbons,Africa,40126999.025,4285890.025,35841109.0
2013,Energy & Hydrocarbons,America,586181497.116,11733692.831,574447804.285
2013,Energy & Hydrocarbons,Asia,1245399513.8009999,5996609.122,1239402904.679
2013,Energy & Hydrocarbons,Europe,1010578947.74,46863374.563,963715573.177
2013,Energy & Hydrocarbons,Pacific,38676530.508999996,73060.84,38603469.669
2013,Energy & Hydrocarbons,Unknown,3163783.12,0.0,3163783.12
2013,Footwear & Headgear,Africa,2449079.369,0.128,2449079.241
2013,Footwear & Headgear,America,40551043.433,1.4609999999999999,40551041.971999995
2013,Footwear & Headgear,Asia,31319289.907,0.148,31319289.759
2013,Footwear & Headgear,Europe,60040786.138000004,17.42,60040768.718
2013,Footwear & Headgear,Pacific,2127936.353,1.148,2127935.205
2013,Footwear & Headgear,Unknown,165774.957,0.0,165774.957
2013,Furniture & Misc,Africa,5089762.541,1815.402,5087947.139
2013,Furniture & Misc,America,115208604.21,319.491,115208284.719
2013,Furniture & Misc,Asia,68666111.121,57.695,68666053.426
2013,Furniture & Misc,Europe,140944106.65,978.128,140943128.522
2013,Furniture & Misc,Pacific,8246451.806000001,0.0,8246451.806000001
2013,Furniture & Misc,Unknown,402839.202,0.0,402839.202
2013,Instruments & Optics,Africa,4379312.043,149.613,4379162.43
2013,Instruments & Optics,America,121050246.208,873.8679999999999,121049372.34
2013,Instruments & Optics,Asia,219278366.956,536.209,219277830.747
2013,Instruments & Optics,Europe,191650973.2,3380.119,191647593.081
2013,Instruments & Optics,Pacific,9445098.685,30.348,9445068.337
2013,Instruments & Optics,Unknown,352109.493,0.0,352109.493
2013,Machinery & Equipment,Africa,53281224.046000004,734.33,53280489.716
2013,Machinery & Equipment,America,1008095170.43,3379.759,1008091790.671
2013,Machinery & Equipment,Asia,1541980758.113,3752.933,1541977005.18
2013,Machinery & Equipment,Europe,1284160120.233,71515.88,1284088604.353
2013,Machinery & Equipment,Pacific,62846677.513,13.062,62846664.451
2013,Machinery & Equipment,Unknown,3493042.501,5.156,3493037.345
2013,Metals & Metal Products,Africa,22691933.12,20840.491,22671092.629
2013,Metals & Metal Products,America,215165796.36,2244.332,215163552.028
2013,Metals & Metal Products,Asia,399586223.082,2196.802,399584026.28000003
2013,Metals & Metal Products,Europe,494659750.347,25346.221,494634404.126
2013,Metals & Metal Products,Pacific,14553187.328,9.911,14553177.417
2013,Metals & Metal Products,Unknown,1873392.889,0.0,1873392.889
2013,Minerals & Raw Materials,Africa,4709360.999,361.034,4708999.965
2013,Minerals & Raw Materials,America,18727777.429,17276.113999999998,18710501.315
2013,Minerals & Raw Materials,Asia,203394555.054,12482.958999999999,203382072.095
2013,Minerals & Raw Materials,Europe,52319111.799,141161.438,52177950.361
2013,Minerals & Raw Materials,Pacific,1072600.074,0.0,1072600.074
2013,Minerals & Raw Materials,Unknown,139115.43399999998,276.067,138839.367
2013,Plastics & Rubber,Africa,14970651.664,7428.694,14963222.97
2013,Plastics & Rubber,America,157919555.58,2266.727,157917288.85300002
2013,Plastics & Rubber,Asia,225996539.804,2735.832,225993803.972
2013,Plastics & Rubber,Europe,314506930.839,5021.491,314501909.348
2013,Plastics & Rubber,Pacific,10725135.629,0.0,10725135.629
2013,Plastics & Rubber,Unknown,1566998.888,0.0,1566998.888
2013,Precious Metals & Gems,Africa,3015190.4719999996,0.0,3015190.4719999996
2013,Precious Metals & Gems,America,64162462.308,79.359,64162382.949
2013,Precious Metals & Gems,Asia,426308998.30200005,233.818,426308764.484
2013,Precious Metals & Gems,Europe,185572663.10300002,10632.181999999999,185562030.921
2013,Precious Metals & Gems,Pacific,4729936.3379999995,0.0,4729936.3379999995
2013,Precious Metals & Gems,Unknown,15841.474,0.0,15841.474
2013,"Stone, Glass & Ceramics",Africa,3980382.7369999997,16168.194,3964214.543
2013,"Stone, Glass & Ceramics",America,33067154.089,18.875,33067135.214
2013,"Stone, Glass & Ceramics",Asia,45184451.898,69.68900000000001,45184382.209
2013,"Stone, Glass & Ceramics",Europe,62320057.52,18904.536,62301152.984
2013,"Stone, Glass & Ceramics",Pacific,2301175.752,0.0,2301175.752
2013,"Stone, Glass & Ceramics",Unknown,273985.106,0.0,273985.106
2013,Textiles & Clothing,Africa,16790970.09,21.317999999999998,16790948.772
2013,Textiles & Clothing,America,158959873.017,549.784,158959323.233
2013,Textiles & Clothing,Asia,213137385.35,194.93,213137190.42000002
2013,Textiles & Clothing,Europe,277002002.038,614.492,277001387.546
2013,Textiles & Clothing,Pacific,10245433.718,5.569,10245428.149
2013,Textiles & Clothing,Unknown,951089.412,0.0,951089.412
2013,Transport,Africa,28146920.504,99.274,28146821.23
2013,Transport,America,506783481.25699997,289.272,506783191.98499995
2013,Transport,Asia,425821858.399,1471.534,425820386.865
2013,Transport,Europe,662605092.518,8551.571,662596540.947
2013,Transport,Pacific,40349779.675000004,0.0,40349779.675000004
2013,Transport,Unknown,2760566.031,0.0,2760566.031
2013,"Wood, Paper & Leather",Africa,8297402.833,5303.92,8292098.913
2013,"Wood, Paper & Leather",America,95176075.295,445.212,95175630.083
2013,"Wood, Paper & Leather",Asia,156920039.329,17085.577,156902953.752
2013,"Wood, Paper & Leather",Europe,215963861.035,36076.614,215927784.421
2013,"Wood, Paper & Leather",Pacific,7353332.486,0.0,7353332.486
2013,"Wood, Paper & Leather",Unknown,1011186.377,1.261,1011185.116
2014,Agriculture & Food,Africa,49817448.896,65938.494,49751510.402
2014,Agriculture & Food,America,253756441.68400002,2960.3080000000004,253753481.376
2014,Agriculture & Food,Asia,488971869.464,92719.879,488879149.585
2014,Agriculture & Food,Europe,616569712.682,126357.191,616443355.491
2014,Agriculture & Food,Pacific,18937056.577,14.026,18937042.551
2014,Agriculture & Food,Unknown,1710254.62,943.596,1709311.024
2014,Arms & Ammunition,Africa,425959.621,0.0,425959.621
2014,Arms & Ammunition,America,3869877.145,0.0,3869877.145
2014,Arms & Ammunition,Asia,3040811.259,0.0,3040811.259
2014,Arms & Ammunition,Europe,2786683.2490000003,0.0,2786683.2490000003
2014,Arms & Ammunition,Pacific,409197.12100000004,0.0,409197.12100000004
2014,Arms & Ammunition,Unknown,4096.446,0.0,4096.446
2014,Arts & Antiques,Africa,16989.842,0.0,16989.842
2014,Arts & Antiques,America,8853273.116,293.537,8852979.579
2014,Arts & Antiques,Asia,3787551.8060000003,57.63,3787494.1760000004
2014,Arts & Antiques,Europe,9295369.654,153.833,9295215.821
2014,Arts & Antiques,Pacific,186820.122,0.0,186820.122
2014,Arts & Antiques,Unknown,1220.2530000000002,0.0,1220.2530000000002
2014,Chemicals,Africa,23266812.179,41842.112,23224970.067
2014,Chemicals,America,336938375.338,111040.155,336827335.183
2014,Chemicals,Asia,425604880.006,5839.4490000000005,425599040.557
2014,Chemicals,Europe,712731958.913,1123979.255,711607979.658
2014,Chemicals,Pacific,22262855.012000002,0.0,22262855.012000002
2014,Chemicals,Unknown,2173272.366,41.547,2173230.819
2014,Energy & Hydrocarbons,Africa,46693141.124,4437233.892999999,42255907.231
2014,Energy & Hydrocarbons,America,539667132.987,9075666.398,530591466.589
2014,Energy & Hydrocarbons,Asia,1211304201.777,6917262.258,1204386939.519
2014,Energy & Hydrocarbons,Europe,910886056.049,40646439.174,870239616.875
2014,Energy & Hydrocarbons,Pacific,36203504.04,0.36,36203503.68
2014,Energy & Hydrocarbons,Unknown,3026642.247,0.0,3026642.247
2014,Footwear & Headgear,Africa,2908320.46,56.632000000000005,2908263.8279999997
2014,Footwear & Headgear,America,41875435.261,0.191,41875435.07
2014,Footwear & Headgear,Asia,31961134.568,1.499,31961133.069000002
2014,Footwear & Headgear,Europe,66224605.381,619.8879999999999,66223985.493
2014,Footwear & Headgear,Pacific,2219011.443,0.0,2219011.443
2014,Footwear & Headgear,Unknown,154647.161,0.0,154647.161
2014,Furniture & Misc,Africa,5661011.195,1600.3529999999998,5659410.842
2014,Furniture & Misc,America,119428619.87699999,60.778,119428559.09899999
2014,Furniture & Misc,Asia,73694463.538,206.01600000000002,73694257.522
2014,Furniture & Misc,Europe,153422868.349,448.713,153422419.636
2014,Furniture & Misc,Pacific,8625206.703,0.0,8625206.703
2014,Furniture & Misc,Unknown,385897.05700000003,0.0,385897.05700000003
2014,Instruments & Optics,Africa,4903778.696,96.994,4903681.7020000005
2014,Instruments & Optics,America,123185776.823,1055.8990000000001,123184720.924
2014,Instruments & Optics,Asia,209311321.723,986.8969999999999,209310334.826
2014,Instruments & Optics,Europe,202281329.991,2306.212,202279023.779
2014,Instruments & Optics,Pacific,9854518.988,0.0,9854518.988
2014,Instruments & Optics,Unknown,356266.37200000003,0.0,356266.37200000003
2014,Machinery & Equipment,Africa,58276594.02,11754.179,58264839.841
2014,Machinery & Equipment,America,1038221146.132,5442.692,1038215703.4399999
2014,Machinery & Equipment,Asia,1598423403.0870001,4309.267,1598419093.82
2014,Machinery & Equipment,Europe,1331112715.287,42002.077000000005,1331070713.21
2014,Machinery & Equipment,Pacific,62790873.591,15.328000000000001,62790858.263000004
2014,Machinery & Equipment,Unknown,3398538.395,5.413,3398532.982
2014,Metals & Metal Products,Africa,30415766.127,11892.588,30403873.539
2014,Metals & Metal Products,America,231557602.771,3183.782,231554418.989
2014,Metals & Metal Products,Asia,403725746.409,1444.1970000000001,403724302.212
2014,Metals & Metal Products,Europe,508660562.46,19207.58,508641354.88
2014,Metals & Metal Products,Pacific,14889628.135,15.736,14889612.399
2014,Metals & Metal Products,Unknown,1827046.999,0.0,1827046.999
2014,Minerals & Raw Materials,Africa,5240307.022,1061.118,5239245.904
2014,Minerals & Raw Materials,America,18991301.474,17812.496,18973488.978
2014,Minerals & Raw Materials,Asia,186649301.266,3692.653,186645608.613
2014,Minerals & Raw Materials,Europe,50179519.1,149198.053,50030321.047
2014,Minerals & Raw Materials,Pacific,1176065.3,1804.513,1174260.787
2014,Minerals & Raw Materials,Unknown,166535.932,425.622,166110.31
2014,Plastics & Rubber,Africa,16096522.15,2622.425,16093899.725
2014,Plastics & Rubber,America,162096770.01,309.883,162096460.127
2014,Plastics & Rubber,Asia,230959057.12600002,1336.456,230957720.67000002
2014,Plastics & Rubber,Europe,323586408.96,2896.172,323583512.788
2014,Plastics & Rubber,Pacific,10468612.91,2.805,10468610.105
2014,Plastics & Rubber,Unknown,1536168.344,0.0,1536168.344
2014,Precious Metals & Gems,Africa,1849275.531,0.822,1849274.709
2014,Precious Metals & Gems,America,62936718.599,2.403,62936716.196
2014,Precious Metals & Gems,Asia,351492585.076,248.935,351492336.141
2014,Precious Metals & Gems,Europe,186530388.848,4404.137,186525984.711
2014,Precious Metals & Gems,Pacific,4172439.687,0.0,4172439.687
2014,Precious Metals & Gems,Unknown,15036.233,0.0,15036.233
2014,"Stone, Glass & Ceramics",Africa,4495398.385,18236.74,4477161.6450000005
2014,"Stone, Glass & Ceramics",America,34257354.836,33.514,34257321.322
2014,"Stone, Glass & Ceramics",Asia,49334649.323,9.22,49334640.103
2014,"Stone, Glass & Ceramics",Europe,66316736.509,9967.03,66306769.479
2014,"Stone, Glass & Ceramics",Pacific,2662418.518,0.0,2662418.518
2014,"Stone, Glass & Ceramics",Unknown,274932.154,0.0,274932.154
2014,Textiles & Clothing,Africa,18285655.205000002,6.378,18285648.827
2014,Textiles & Clothing,America,160210560.081,39.102000000000004,160210520.979
2014,Textiles & Clothing,Asia,209657699.693,615.593,209657084.1
2014,Textiles & Clothing,Europe,296794253.761,2625.17,296791628.591
2014,Textiles & Clothing,Pacific,10804809.522,0.0,10804809.522
2014,Textiles & Clothing,Unknown,1024902.112,0.0,1024902.112
2014,Transport,Africa,30392894.504,7163.602999999999,30385730.901
2014,Transport,America,511842126.30600005,512.818,511841613.48800004
2014,Transport,Asia,438284378.29,873.2049999999999,438283505.085
2014,Transport,Europe,711506140.977,8142.1449999999995,711497998.832
2014,Transport,Pacific,38663680.356,0.0,38663680.356
2014,Transport,Unknown,2439398.645,1.856,2439396.789
2014,"Wood, Paper & Leather",Africa,9841956.953,5666.825,9836290.128
2014,"Wood, Paper & Leather",America,97713906.249,179.51,97713726.73900001
2014,"Wood, Paper & Leather",Asia,159368444.127,17197.781,159351246.346
2014,"Wood, Paper & Leather",Europe,224731510.612,39004.049,224692506.563
2014,"Wood, Paper & Leather",Pacific,7647064.342,0.0,7647064.342
2014,"Wood, Paper & Leather",Unknown,1095737.217,0.0,1095737.217
2015,Agriculture & Food,Africa,42196688.963,47962.335,42148726.628
2015,Agriculture & Food,America,245163831.584,5271.967,245158559.617
2015,Agriculture & Food,Asia,455693873.142,54233.854,455639639.288
2015,Agriculture & Food,Europe,546359494.664,112971.532,546246523.132
2015,Agriculture & Food,Pacific,17399951.991,70.393,17399881.598
2015,Agriculture & Food,Unknown,1613453.991,998.617,1612455.374
2015,Arms & Ammunition,Africa,864664.3790000001,0.0,864664.3790000001
2015,Arms & Ammunition,America,3522575.427,0.0,3522575.427
2015,Arms & Ammunition,Asia,3551445.479,0.0,3551445.479
2015,Arms & Ammunition,Europe,2564011.472,2747.1009999999997,2561264.371
2015,Arms & Ammunition,Pacific,396166.235,0.89,396165.345
2015,Arms & Ammunition,Unknown,5569.025000000001,0.0,5569.025000000001
2015,Arts & Antiques,Africa,16930.331,0.196,16930.135
2015,Arts & Antiques,America,8498743.902,33.339,8498710.563000001
2015,Arts & Antiques,Asia,4167138.4370000004,443.08000000000004,4166695.357
2015,Arts & Antiques,Europe,9938610.881000001,9.275,9938601.606
2015,Arts & Antiques,Pacific,174907.397,0.0,174907.397
2015,Arts & Antiques,Unknown,367.759,0.0,367.759
2015,Chemicals,Africa,23376477.392,49768.665,23326708.727
2015,Chemicals,America,332645189.794,170693.236,332474496.558
2015,Chemicals,Asia,395267739.718,3930.122,395263809.596
2015,Chemicals,Europe,625285448.223,1156122.018,624129326.205
2015,Chemicals,Pacific,20338295.611,0.0,20338295.611
2015,Chemicals,Unknown,1986363.758,40.017,1986323.741
2015,Energy & Hydrocarbons,Africa,40806108.957,2812390.9560000002,37993718.001
2015,Energy & Hydrocarbons,America,319187226.04899997,5264519.665,313922706.384
2015,Energy & Hydrocarbons,Asia,715310351.518,3292356.9899999998,712017994.528
2015,Energy & Hydrocarbons,Europe,589600006.047,25053922.14,564546083.907
2015,Energy & Hydrocarbons,Pacific,22904603.851,0.0,22904603.851
2015,Energy & Hydrocarbons,Unknown,2262527.3600000003,0.0,2262527.3600000003
2015,Footwear & Headgear,Africa,2133283.472,113.114,2133170.358
2015,Footwear & Headgear,America,44187772.07,0.43500000000000005,44187771.635
2015,Footwear & Headgear,Asia,31580943.803,20.814999999999998,31580922.988
2015,Footwear & Headgear,Europe,61163832.262,8.677999999999999,61163823.584
2015,Footwear & Headgear,Pacific,2292501.813,0.0,2292501.813
2015,Footwear & Headgear,Unknown,137011.414,0.0,137011.414
2015,Furniture & Misc,Africa,4853048.111,1613.267,4851434.844
2015,Furniture & Misc,America,126248185.41,97.861,126248087.54900001
2015,Furniture & Misc,Asia,71144377.904,149.701,71144228.203
2015,Furniture & Misc,Europe,143436827.112,1051.705,143435775.407
2015,Furniture & Misc,Pacific,8639504.04,0.0,8639504.04
2015,Furniture & Misc,Unknown,356829.681,0.0,356829.681
2015,Instruments & Optics,Africa,4671723.922,55.32,4671668.602
2015,Instruments & Optics,America,124270017.56,1437.114,124268580.446
2015,Instruments & Optics,Asia,207870147.326,149.811,207869997.51500002
2015,Instruments & Optics,Europe,189886252.281,2410.48,189883841.801
2015,Instruments & Optics,Pacific,9412532.543,2.785,9412529.758
2015,Instruments & Optics,Unknown,338955.098,0.0,338955.098
2015,Machinery & Equipment,Africa,52670901.489,779.87,52670121.619
2015,Machinery & Equipment,America,1025831508.715,3401.33,1025828107.385
2015,Machinery & Equipment,Asia,1518785253.284,2021.866,1518783231.418
2015,Machinery & Equipment,Europe,1223915387.136,56417.693999999996,1223858969.442
2015,Machinery & Equipment,Pacific,58006807.897,0.0,58006807.897
2015,Machinery & Equipment,Unknown,3406285.326,6.6000000000000005,3406278.726
2015,Metals & Metal Products,Africa,28721015.481,2296.759,28718718.722
2015,Metals & Metal Products,America,211590230.251,1055.577,211589174.674
2015,Metals & Metal Products,Asia,350854110.185,907.916,350853202.269
2015,Metals & Metal Products,Europe,436408459.29,21452.077,436387007.213
2015,Metals & Metal Products,Pacific,14731697.051,0.871,14731696.18
2015,Metals & Metal Products,Unknown,1662168.7550000001,0.0,1662168.7550000001
2015,Minerals & Raw Materials,Africa,3311792.924,307.27,3311485.654
2015,Minerals & Raw Materials,America,16150755.83,20259.426,16130496.404000001
2015,Minerals & Raw Materials,Asia,135273321.385,44621.293000000005,135228700.092
2015,Minerals & Raw Materials,Europe,39806356.689,110469.746,39695886.943
2015,Minerals & Raw Materials,Pacific,1142688.527,2172.526,1140516.001
2015,Minerals & Raw Materials,Unknown,241941.501,0.0,241941.501
2015,Plastics & Rubber,Africa,14893355.66,2190.297,14891165.363
2015,Plastics & Rubber,America,155482596.856,370.602,155482226.254
2015,Plastics & Rubber,Asia,207217273.485,2244.782,207215028.703
2015,Plastics & Rubber,Europe,281865244.577,967.927,281864276.65
2015,Plastics & Rubber,Pacific,9541630.824000001,1.069,9541629.755
2015,Plastics & Rubber,Unknown,1347493.76,0.0,1347493.76
2015,Precious Metals & Gems,Africa,722830.431,0.0,722830.431
2015,Precious Metals & Gems,America,57662068.429000005,5.207,57662063.222
2015,Precious Metals & Gems,Asia,295701035.816,178.133,295700857.683
2015,Precious Metals & Gems,Europe,169310227.507,203.13,169310024.377
2015,Precious Metals & Gems,Pacific,3424759.879,0.0,3424759.879
2015,Precious Metals & Gems,Unknown,15834.87,0.0,15834.87
2015,"Stone, Glass & Ceramics",Africa,3652346.039,13309.338,3639036.701
2015,"Stone, Glass & Ceramics",America,35169785.679,21.322,35169764.357
2015,"Stone, Glass & Ceramics",Asia,46144448.179,45.876,46144402.303
2015,"Stone, Glass & Ceramics",Europe,59227059.143,4363.96,59222695.183
2015,"Stone, Glass & Ceramics",Pacific,2521369.3510000003,2.555,2521366.796
2015,"Stone, Glass & Ceramics",Unknown,267874.173,0.0,267874.173
2015,Textiles & Clothing,Africa,16806447.993,1238.169,16805209.824
2015,Textiles & Clothing,America,164553058.326,13.027,164553045.299
2015,Textiles & Clothing,Asia,200104711.214,834.779,200103876.435
2015,Textiles & Clothing,Europe,268543830.879,2123.666,268541707.213
2015,Textiles & Clothing,Pacific,10818050.687,0.0,10818050.687
2015,Textiles & Clothing,Unknown,912142.6039999999,0.0,912142.6039999999
2015,Transport,Africa,31567159.113,316.106,31566843.007
2015,Transport,America,521506912.643,163.589,521506749.054
2015,Transport,Asia,399381824.1,7393.32,399374430.78
2015,Transport,Europe,691858090.704,10880.182,691847210.522
2015,Transport,Pacific,35130805.697,0.0,35130805.697
2015,Transport,Unknown,2254667.4329999997,0.0,2254667.4329999997
2015,"Wood, Paper & Leather",Africa,9832728.888,5452.009999999999,9827276.878
2015,"Wood, Paper & Leather",America,94939319.98900001,218.675,94939101.314
2015,"Wood, Paper & Leather",Asia,146320589.341,13295.464,146307293.877
2015,"Wood, Paper & Leather",Europe,197666163.486,27081.183,197639082.303
2015,"Wood, Paper & Leather",Pacific,7109391.079,1.66,7109389.419
2015,"Wood, Paper & Leather",Unknown,941831.445,0.007,941831.438
2016,Agriculture & Food,Africa,40692698.733,89671.974,40603026.759
2016,Agriculture & Food,America,246486785.08,5185.2480000000005,246481599.832
2016,Agriculture & Food,Asia,462369307.846,68428.675,462300879.171
2016,Agriculture & Food,Europe,554144842.718,133906.433,554010936.285
2016,Agriculture & Food,Pacific,17761963.47,117.364,17761846.106
2016,Agriculture & Food,Unknown,1552890.132,8.624,1552881.508
2016,Arms & Ammunition,Africa,431967.372,0.0,431967.372
2016,Arms & Ammunition,America,3672119.96,0.0,3672119.96
2016,Arms & Ammunition,Asia,5779527.529,0.0,5779527.529
2016,Arms & Ammunition,Europe,2933499.18,20.413,2933478.767
2016,Arms & Ammunition,Pacific,480500.123,0.0,480500.123
2016,Arms & Ammunition,Unknown,7420.456,0.0,7420.456
2016,Arts & Antiques,Africa,21152.627,0.0,21152.627
2016,Arts & Antiques,America,9199391.313000001,206.64700000000002,9199184.666000001
2016,Arts & Antiques,Asia,4555511.794,128.4,4555383.394
2016,Arts & Antiques,Europe,7938597.979,12.372,7938585.607
2016,Arts & Antiques,Pacific,169237.607,0.0,169237.607
2016,Arts & Antiques,Unknown,15529.644,0.0,15529.644
2016,Chemicals,Africa,22180458.563,30671.275,22149787.288
2016,Chemicals,America,319946124.239,224871.801,319721252.438
2016,Chemicals,Asia,389154656.851,51864.273,389102792.578
2016,Chemicals,Europe,646191769.436,776331.488,645415437.948
2016,Chemicals,Pacific,20213166.685,11.430000000000001,20213155.255
2016,Chemicals,Unknown,1972048.2550000001,49.686,1971998.5690000001
2016,Energy & Hydrocarbons,Africa,32271033.344,1390767.677,30880265.667
2016,Energy & Hydrocarbons,America,263600601.818,6520139.207,257080462.611
2016,Energy & Hydrocarbons,Asia,618137647.113,2537144.493,615600502.62
2016,Energy & Hydrocarbons,Europe,472125711.13199997,19070444.816,453055266.316
2016,Energy & Hydrocarbons,Pacific,18517513.467,215566.45,18301947.017
2016,Energy & Hydrocarbons,Unknown,1774166.185,0.0,1774166.185
2016,Footwear & Headgear,Africa,1627425.615,148.005,1627277.61
2016,Footwear & Headgear,America,40771975.673,0.376,40771975.297000006
2016,Footwear & Headgear,Asia,30688814.171,4.189,30688809.982
2016,Footwear & Headgear,Europe,62852781.819,32.503,62852749.316
2016,Footwear & Headgear,Pacific,2303874.413,0.0,2303874.413
2016,Footwear & Headgear,Unknown,150723.422,0.0,150723.422
2016,Furniture & Misc,Africa,3684460.836,2072.9919999999997,3682387.844
2016,Furniture & Misc,America,126353074.899,11.178,126353063.721
2016,Furniture & Misc,Asia,69130812.881,116.444,69130696.437
2016,Furniture & Misc,Europe,147337518.489,1053.354,147336465.135
2016,Furniture & Misc,Pacific,8533083.229,0.0,8533083.229
2016,Furniture & Misc,Unknown,380859.13300000003,0.0,380859.13300000003
2016,Instruments & Optics,Africa,4478662.445,2.169,4478660.276
2016,Instruments & Optics,America,123616963.185,252.278,123616710.907
2016,Instruments & Optics,Asia,200306426.357,947.2189999999999,200305479.138
2016,Instruments & Optics,Europe,192911226.069,2971.426,192908254.643
2016,Instruments & Optics,Pacific,9506699.104,0.003,9506699.101
2016,Instruments & Optics,Unknown,351306.325,0.0,351306.325
2016,Machinery & Equipment,Africa,51362893.712,39191.809,51323701.903
2016,Machinery & Equipment,America,986194922.4300001,2441.332,986192481.098
2016,Machinery & Equipment,Asia,1495794741.734,19899.445,1495774842.289
2016,Machinery & Equipment,Europe,1234595150.196,66990.427,1234528159.769
2016,Machinery & Equipment,Pacific,53406740.624,2.029,53406738.595
2016,Machinery & Equipment,Unknown,3503073.679,0.0,3503073.679
2016,Metals & Metal Products,Africa,23382762.656,341.755,23382420.901
2016,Metals & Metal Products,America,186997081.533,776.9789999999999,186996304.554
2016,Metals & Metal Products,Asia,323057678.632,221.685,323057456.947
2016,Metals & Metal Products,Europe,420853827.194,5207.05,420848620.144
2016,Metals & Metal Products,Pacific,10781751.456,0.0,10781751.456
2016,Metals & Metal Products,Unknown,1587792.172,0.0,1587792.172
2016,Minerals & Raw Materials,Africa,3261959.411,623.923,3261335.488
2016,Minerals & Raw Materials,America,14057248.550999999,41161.038,14016087.513
2016,Minerals & Raw Materials,Asia,132749585.573,10996.185000000001,132738589.388
2016,Minerals & Raw Materials,Europe,37781429.261,73942.819,37707486.442
2016,Minerals & Raw Materials,Pacific,1298924.665,2386.0429999999997,1296538.622
2016,Minerals & Raw Materials,Unknown,293217.672,0.171,293217.501
2016,Plastics & Rubber,Africa,13502578.396,3527.1459999999997,13499051.25
2016,Plastics & Rubber,America,148455741.881,164.24099999999999,148455577.64000002
2016,Plastics & Rubber,Asia,206007955.903,391.377,206007564.526
2016,Plastics & Rubber,Europe,283405431.628,1602.4820000000002,283403829.146
2016,Plastics & Rubber,Pacific,9251224.836,0.068,9251224.768
2016,Plastics & Rubber,Unknown,1383303.635,0.0,1383303.635
2016,Precious Metals & Gems,Africa,545230.86,0.0,545230.86
2016,Precious Metals & Gems,America,65753738.395,6844.455999999999,65746893.939
2016,Precious Metals & Gems,Asia,273068496.75699997,5487.188,273063009.569
2016,Precious Metals & Gems,Europe,232945253.91099998,5157.903,232940096.008
2016,Precious Metals & Gems,Pacific,5626977.061,0.0,5626977.061
2016,Precious Metals & Gems,Unknown,16338.263999999997,0.0,16338.263999999997
2016,"Stone, Glass & Ceramics",Africa,3073703.483,14457.81,3059245.673
2016,"Stone, Glass & Ceramics",America,33352660.652,0.34500000000000003,33352660.307
2016,"Stone, Glass & Ceramics",Asia,47615736.368,266.035,47615470.333
2016,"Stone, Glass & Ceramics",Europe,61250887.292,10555.032,61240332.26
2016,"Stone, Glass & Ceramics",Pacific,2665204.628,8.844,2665195.784
2016,"Stone, Glass & Ceramics",Unknown,266940.64900000003,0.0,266940.64900000003
2016,Textiles & Clothing,Africa,15284147.517,1984.248,15282163.269000001
2016,Textiles & Clothing,America,153553474.382,25.747,153553448.635
2016,Textiles & Clothing,Asia,196646374.724,1311.578,196645063.146
2016,Textiles & Clothing,Europe,273251816.416,1828.835,273249987.581
2016,Textiles & Clothing,Pacific,10529618.285,0.0,10529618.285
2016,Textiles & Clothing,Unknown,1007220.022,0.0,1007220.022
2016,Transport,Africa,24310081.332,439.826,24309641.506
2016,Transport,America,507587557.376,239.933,507587317.44299996
2016,Transport,Asia,383187592.824,1950.3029999999999,383185642.521
2016,Transport,Europe,737585177.5090001,7253.722,737577923.7870001
2016,Transport,Pacific,36856175.433,0.0,36856175.433
2016,Transport,Unknown,2156211.466,0.0,2156211.466
2016,"Wood, Paper & Leather",Africa,9099215.512,4993.117,9094222.395
2016,"Wood, Paper & Leather",America,91629343.727,66.24499999999999,91629277.48200001
2016,"Wood, Paper & Leather",Asia,142185279.331,10276.191,142175003.14
2016,"Wood, Paper & Leather",Europe,196287005.355,23178.143,196263827.212
2016,"Wood, Paper & Leather",Pacific,7202048.178,0.0,7202048.178
2016,"Wood, Paper & Leather",Unknown,1026419.162,0.0,1026419.162
2017,Agriculture & Food,Africa,43967160.819,54618.909,43912541.91
2017,Agriculture & Food,America,257748671.173,7022.495,257741648.678
2017,Agriculture & Food,Asia,504430843.859,99305.789,504331538.07
2017,Agriculture & Food,Europe,594359409.667,170451.35499999998,594188958.312
2017,Agriculture & Food,Pacific,19342432.656,78.67699999999999,19342353.979
2017,Agriculture & Food,Unknown,1848093.575,14.54,1848079.035
2017,Arms & Ammunition,Africa,280890.313,0.0,280890.313
2017,Arms & Ammunition,America,3471151.295,0.31,3471150.985
2017,Arms & Ammunition,Asia,5396370.484,0.0,5396370.484
2017,Arms & Ammunition,Europe,2855574.876,94.693,2855480.183
2017,Arms & Ammunition,Pacific,401583.967,0.0,401583.967
2017,Arms & Ammunition,Unknown,22949.893,0.0,22949.893
2017,Arts & Antiques,Africa,11207.716,3.6609999999999996,11204.055
2017,Arts & Antiques,America,9496923.567,108.193,9496815.374
2017,Arts & Antiques,Asia,4692022.865,93.52,4691929.345
2017,Arts & Antiques,Europe,7295329.915,13.431,7295316.484
2017,Arts & Antiques,Pacific,192635.865,0.0,192635.865
2017,Arts & Antiques,Unknown,1202.582,0.0,1202.582
2017,Chemicals,Africa,23845754.35,32710.733,23813043.617
2017,Chemicals,America,334433092.804,177650.489,334255442.315
2017,Chemicals,Asia,439436663.883,36749.161,439399914.722
2017,Chemicals,Europe,707137817.202,714084.5160000001,706423732.686
2017,Chemicals,Pacific,22255927.943,0.0,22255927.943
2017,Chemicals,Unknown,2228147.234,26.761,2228120.4729999998
2017,Energy & Hydrocarbons,Africa,41201810.423,2239574.74,38962235.683
2017,Energy & Hydrocarbons,America,334292816.148,6559178.574,327733637.574
2017,Energy & Hydrocarbons,Asia,843495209.586,4043344.184,839451865.4020001
2017,Energy & Hydrocarbons,Europe,611887305.243,23620445.767,588266859.476
2017,Energy & Hydrocarbons,Pacific,25782483.801,334694.31899999996,25447789.482
2017,Energy & Hydrocarbons,Unknown,2558169.716,58.634,2558111.082
2017,Footwear & Headgear,Africa,1570840.3360000001,64.7,1570775.636
2017,Footwear & Headgear,America,42132256.014,5.228,42132250.786
2017,Footwear & Headgear,Asia,32287315.754,0.74,32287315.014
2017,Footwear & Headgear,Europe,67522528.626,44.287,67522484.339
2017,Footwear & Headgear,Pacific,2383087.758,0.0,2383087.758
2017,Footwear & Headgear,Unknown,164633.539,0.0,164633.539
2017,Furniture & Misc,Africa,3850432.426,2166.668,3848265.758
2017,Furniture & Misc,America,134180653.145,43.382,134180609.763
2017,Furniture & Misc,Asia,76394073.265,178.698,76393894.567
2017,Furniture & Misc,Europe,159273691.994,1681.754,159272010.24
2017,Furniture & Misc,Pacific,8999663.594999999,85.358,8999578.237
2017,Furniture & Misc,Unknown,459480.162,0.0,459480.162
2017,Instruments & Optics,Africa,4549742.129,40.532,4549701.597
2017,Instruments & Optics,America,129115128.045,640.303,129114487.742
2017,Instruments & Optics,Asia,219875264.606,387.49399999999997,219874877.11200002
2017,Instruments & Optics,Europe,206343778.026,3482.954,206340295.072
2017,Instruments & Optics,Pacific,9586134.524,2.396,9586132.128
2017,Instruments & Optics,Unknown,415420.854,0.0,415420.854
2017,Machinery & Equipment,Africa,49926251.621,19220.811999999998,49907030.809
2017,Machinery & Equipment,America,1055528482.985,2856.703,1055525626.282
2017,Machinery & Equipment,Asia,1706499640.015,3359.101,1706496280.914
2017,Machinery & Equipment,Europe,1345292106.313,71642.424,1345220463.889
2017,Machinery & Equipment,Pacific,60657919.212,2.41,60657916.802
2017,Machinery & Equipment,Unknown,4230561.899,0.0,4230561.899
2017,Metals & Metal Products,Africa,23526422.921,6597.528,23519825.393
2017,Metals & Metal Products,America,220116134.441,854.3860000000001,220115280.055
2017,Metals & Metal Products,Asia,366502340.315,386.731,366501953.584
2017,Metals & Metal Products,Europe,497698380.268,20823.565,497677556.703
2017,Metals & Metal Products,Pacific,11702384.346,25.934,11702358.412
2017,Metals & Metal Products,Unknown,2049597.457,0.16,2049597.297
2017,Minerals & Raw Materials,Africa,4284939.865,401.60699999999997,4284538.258
2017,Minerals & Raw Materials,America,15316827.523,19818.606,15297008.917
2017,Minerals & Raw Materials,Asia,166212696.215,10148.124000000002,166202548.091
2017,Minerals & Raw Materials,Europe,46246590.351,78496.64899999999,46168093.702
2017,Minerals & Raw Materials,Pacific,1616324.203,1564.882,1614759.321
2017,Minerals & Raw Materials,Unknown,391315.73799999995,0.0,391315.73799999995
2017,Plastics & Rubber,Africa,14158887.62,3039.9249999999997,14155847.695
2017,Plastics & Rubber,America,160367450.165,221.897,160367228.268
2017,Plastics & Rubber,Asia,232405165.097,715.281,232404449.816
2017,Plastics & Rubber,Europe,312820836.321,1346.258,312819490.063
2017,Plastics & Rubber,Pacific,10375314.68,3.292,10375311.388
2017,Plastics & Rubber,Unknown,1642181.747,0.0,1642181.747
2017,Precious Metals & Gems,Africa,799696.603,0.0,799696.603
2017,Precious Metals & Gems,America,57712428.460999995,0.23,57712428.231
2017,Precious Metals & Gems,Asia,301333064.358,7871.317,301325193.041
2017,Precious Metals & Gems,Europe,201803764.644,768.167,201802996.477
2017,Precious Metals & Gems,Pacific,5941413.014,0.0,5941413.014
2017,Precious Metals & Gems,Unknown,18554.285,0.0,18554.285
2017,"Stone, Glass & Ceramics",Africa,2923269.601,22873.978,2900395.623
2017,"Stone, Glass & Ceramics",America,35737505.681,3.591,35737502.09
2017,"Stone, Glass & Ceramics",Asia,46654978.976,93.544,46654885.432000004
2017,"Stone, Glass & Ceramics",Europe,65686995.146,15831.618999999999,65671163.527
2017,"Stone, Glass & Ceramics",Pacific,2869815.09,0.0,2869815.09
2017,"Stone, Glass & Ceramics",Unknown,300853.64400000003,0.0,300853.64400000003
2017,Textiles & Clothing,Africa,16198479.59,1422.35,16197057.24
2017,Textiles & Clothing,America,158283557.655,41.03,158283516.625
2017,Textiles & Clothing,Asia,205575018.865,1965.3529999999998,205573053.512
2017,Textiles & Clothing,Europe,288257960.532,2781.272,288255179.26
2017,Textiles & Clothing,Pacific,11102446.115,1.302,11102444.813000001
2017,Textiles & Clothing,Unknown,1112517.783,0.012,1112517.771
2017,Transport,Africa,24040258.341,727.721,24039530.62
2017,Transport,America,534892417.91,13305.188,534879112.722
2017,Transport,Asia,409848256.115,465.93999999999994,409847790.175
2017,Transport,Europe,787734622.551,25746.573,787708875.978
2017,Transport,Pacific,50539827.56299999,368.02,50539459.543
2017,Transport,Unknown,2035947.656,0.0,2035947.656
2017,"Wood, Paper & Leather",Africa,10179499.907,5779.983,10173719.924
2017,"Wood, Paper & Leather",America,86546255.789,185.312,86546070.477
2017,"Wood, Paper & Leather",Asia,155630570.317,18543.104,155612027.213
2017,"Wood, Paper & Leather",Europe,206790624.776,28753.702,206761871.074
2017,"Wood, Paper & Leather",Pacific,7832145.694,0.0,7832145.694
2017,"Wood, Paper & Leather",Unknown,1150058.475,0.0,1150058.475
2018,Agriculture & Food,Africa,45716363.063,63146.441,45653216.622
2018,Agriculture & Food,America,271893196.736,30373.871,271862822.865
2018,Agriculture & Food,Asia,525110839.031,95319.186,525015519.845
2018,Agriculture & Food,Europe,626369479.073,136174.414,626233304.659
2018,Agriculture & Food,Pacific,20204027.372,5.51,20204021.862
2018,Agriculture & Food,Unknown,2066526.847,16.044999999999998,2066510.802
2018,Arms & Ammunition,Africa,293847.306,0.0,293847.306
2018,Arms & Ammunition,America,3404290.006,0.662,3404289.344
2018,Arms & Ammunition,Asia,5624801.529,0.0,5624801.529
2018,Arms & Ammunition,Europe,3151331.525,0.0,3151331.525
2018,Arms & Ammunition,Pacific,388992.578,0.0,388992.578
2018,Arms & Ammunition,Unknown,10910.06,0.0,10910.06
2018,Arts & Antiques,Africa,11490.984,0.028,11490.956
2018,Arts & Antiques,America,10598632.994,442.92499999999995,10598190.069
2018,Arts & Antiques,Asia,5971251.574,3.848,5971247.726
2018,Arts & Antiques,Europe,8925701.123,22.545,8925678.578
2018,Arts & Antiques,Pacific,187208.671,0.0,187208.671
2018,Arts & Antiques,Unknown,915.0799999999999,0.0,915.0799999999999
2018,Chemicals,Africa,26222702.734,51696.163,26171006.571
2018,Chemicals,America,381579639.654,585647.2490000001,380993992.405
2018,Chemicals,Asia,500403779.266,117201.431,500286577.835
2018,Chemicals,Europe,781641237.739,823425.801,780817811.938
2018,Chemicals,Pacific,23295271.253,0.0,23295271.253
2018,Chemicals,Unknown,2597879.103,117.051,2597762.052
2018,Energy & Hydrocarbons,Africa,46422439.913,1916588.3969999999,44505851.516
2018,Energy & Hydrocarbons,America,407988579.722,7012978.276,400975601.446
2018,Energy & Hydrocarbons,Asia,1112055635.463,5761169.74,1106294465.723
2018,Energy & Hydrocarbons,Europe,760856410.804,23593453.6,737262957.204
2018,Energy & Hydrocarbons,Pacific,34320852.589,558618.9,33762233.688999996
2018,Energy & Hydrocarbons,Unknown,3161461.251,0.0,3161461.251
2018,Footwear & Headgear,Africa,1632983.276,75.555,1632907.7210000001
2018,Footwear & Headgear,America,43036388.837000005,0.398,43036388.439
2018,Footwear & Headgear,Asia,33834418.088,3.113,33834414.975
2018,Footwear & Headgear,Europe,72983782.176,46.667,72983735.509
2018,Footwear & Headgear,Pacific,2513303.178,0.0,2513303.178
2018,Footwear & Headgear,Unknown,169424.011,0.0,169424.011
2018,Furniture & Misc,Africa,4144522.634,2047.7379999999998,4142474.896
2018,Furniture & Misc,America,141795096.845,25.3,141795071.545
2018,Furniture & Misc,Asia,77076950.62,78.965,77076871.655
2018,Furniture & Misc,Europe,171664205.248,1626.54,171662578.708
2018,Furniture & Misc,Pacific,9874759.732,115.866,9874643.866
2018,Furniture & Misc,Unknown,514114.489,0.0,514114.489
2018,Instruments & Optics,Africa,4936836.919,16.715,4936820.204
2018,Instruments & Optics,America,136763165.811,493.464,136762672.347
2018,Instruments & Optics,Asia,230859966.93400002,513.006,230859453.928
2018,Instruments & Optics,Europe,220533184.60300002,3869.661,220529314.942
2018,Instruments & Optics,Pacific,10153393.502,285.903,10153107.599
2018,Instruments & Optics,Unknown,487012.375,0.0,487012.375
2018,Machinery & Equipment,Africa,56551185.278,31036.316,56520148.962
2018,Machinery & Equipment,America,1128189228.698,769.835,1128188458.863
2018,Machinery & Equipment,Asia,1831547641.714,34017.868,1831513623.846
2018,Machinery & Equipment,Europe,1458949304.157,82316.351,1458866987.806
2018,Machinery & Equipment,Pacific,67706543.796,10.918,67706532.878
2018,Machinery & Equipment,Unknown,5313560.025,0.003,5313560.022
2018,Metals & Metal Products,Africa,29324867.853,22381.811,29302486.042
2018,Metals & Metal Products,America,241732456.879,129.368,241732327.511
2018,Metals & Metal Products,Asia,409271794.436,9062.653999999999,409262731.782
2018,Metals & Metal Products,Europe,556585203.439,47449.556,556537753.883
2018,Metals & Metal Products,Pacific,13596467.95,0.0,13596467.95
2018,Metals & Metal Products,Unknown,2488181.972,0.418,2488181.554
2018,Minerals & Raw Materials,Africa,5053470.101000001,11476.305,5041993.796
2018,Minerals & Raw Materials,America,17293785.997,15814.711,17277971.286
2018,Minerals & Raw Materials,Asia,177488786.866,19369.296000000002,177469417.57
2018,Minerals & Raw Materials,Europe,49504929.858,65400.273,49439529.585
2018,Minerals & Raw Materials,Pacific,1740456.621,5605.974,1734850.647
2018,Minerals & Raw Materials,Unknown,370356.535,0.0,370356.535
2018,Plastics & Rubber,Africa,16059769.241,5190.571,16054578.67
2018,Plastics & Rubber,America,174703472.38300002,15.856,174703456.527
2018,Plastics & Rubber,Asia,248050028.41,2167.46,248047860.95
2018,Plastics & Rubber,Europe,338467059.157,2486.293,338464572.864
2018,Plastics & Rubber,Pacific,11103468.691,0.0,11103468.691
2018,Plastics & Rubber,Unknown,1887145.057,0.0,1887145.057
2018,Precious Metals & Gems,Africa,995253.506,0.0,995253.506
2018,Precious Metals & Gems,America,56211489.668,3268.379,56208221.289
2018,Precious Metals & Gems,Asia,307350470.077,4661.879000000001,307345808.198
2018,Precious Metals & Gems,Europe,198345552.823,5186.858,198340365.965
2018,Precious Metals & Gems,Pacific,4696319.291,0.0,4696319.291
2018,Precious Metals & Gems,Unknown,26022.807,0.014,26022.793
2018,"Stone, Glass & Ceramics",Africa,3237572.485,25318.806,3212253.679
2018,"Stone, Glass & Ceramics",America,38127397.644,13.906999999999998,38127383.737
2018,"Stone, Glass & Ceramics",Asia,49040327.208000004,79.096,49040248.112
2018,"Stone, Glass & Ceramics",Europe,71705453.34,21358.095999999998,71684095.244
2018,"Stone, Glass & Ceramics",Pacific,3089210.332,0.049,3089210.283
2018,"Stone, Glass & Ceramics",Unknown,367063.499,0.0,367063.499
2018,Textiles & Clothing,Africa,17970419.017,1343.912,17969075.105
2018,Textiles & Clothing,America,165525175.316,90.286,165525085.03
2018,Textiles & Clothing,Asia,224244556.493,4394.53,224240161.963
2018,Textiles & Clothing,Europe,308185113.439,5001.669,308180111.77
2018,Textiles & Clothing,Pacific,11704146.941,13.014,11704133.927
2018,Textiles & Clothing,Unknown,1246989.126,0.0,1246989.126
2018,Transport,Africa,31338274.421,3855.036,31334419.385
2018,Transport,America,558885936.733,67.713,558885869.02
2018,Transport,Asia,427258282.18299997,134.883,427258147.3
2018,Transport,Europe,817058007.135,12212.349,817045794.786
2018,Transport,Pacific,41937975.707,0.0,41937975.707
2018,Transport,Unknown,2227195.479,0.0,2227195.479
2018,"Wood, Paper & Leather",Africa,11715220.716,9025.303,11706195.413
2018,"Wood, Paper & Leather",America,97933124.93699999,68.074,97933056.863
2018,"Wood, Paper & Leather",Asia,164442004.488,15197.086000000001,164426807.402
2018,"Wood, Paper & Leather",Europe,225235958.845,23770.493,225212188.352
2018,"Wood, Paper & Leather",Pacific,8437878.513,10.3,8437868.213
2018,"Wood, Paper & Leather",Unknown,1308549.009,0.0,1308549.009
2019,Agriculture & Food,Africa,46497726.505,106216.27,46391510.235
2019,Agriculture & Food,America,273436287.119,20847.281,273415439.838
2019,Agriculture & Food,Asia,531776375.374,99157.128,531677218.246
2019,Agriculture & Food,Europe,613614760.057,148202.099,613466557.958
2019,Agriculture & Food,Pacific,20859997.351,177.477,20859819.874
2019,Agriculture & Food,Unknown,2199181.484,13.296,2199168.188
2019,Arms & Ammunition,Africa,339474.468,0.0,339474.468
2019,Arms & Ammunition,America,5178827.1110000005,1.198,5178825.913
2019,Arms & Ammunition,Asia,5299781.216,42.078,5299739.138
2019,Arms & Ammunition,Europe,3094385.005,0.0,3094385.005
2019,Arms & Ammunition,Pacific,460112.041,0.0,460112.041
2019,Arms & Ammunition,Unknown,15305.036,0.0,15305.036
2019,Arts & Antiques,Africa,14234.247,3.76,14230.487
2019,Arts & Antiques,America,9070009.752,28.346,9069981.406
2019,Arts & Antiques,Asia,9299904.89,150.323,9299754.567
2019,Arts & Antiques,Europe,8840976.015,99.162,8840876.853
2019,Arts & Antiques,Pacific,192323.706,0.0,192323.706
2019,Arts & Antiques,Unknown,1150.193,0.0,1150.193
2019,Chemicals,Africa,26942959.463,21258.654,26921700.809
2019,Chemicals,America,391645882.457,614550.422,391031332.03499997
2019,Chemicals,Asia,496396803.95600003,96417.211,496300386.745
2019,Chemicals,Europe,766255720.662,724425.442,765531295.22
2019,Chemicals,Pacific,22386325.067,6.201,22386318.866
2019,Chemicals,Unknown,2643664.045,425.849,2643238.196
2019,Energy & Hydrocarbons,Africa,44464422.394,2264886.4760000003,42199535.918
2019,Energy & Hydrocarbons,America,359065541.394,3863314.217,355202227.177
2019,Energy & Hydrocarbons,Asia,1014916182.167,6889599.769,1008026582.398
2019,Energy & Hydrocarbons,Europe,683464759.288,19599999.429,663864759.859
2019,Energy & Hydrocarbons,Pacific,30085120.308000002,653321.8330000001,29431798.475
2019,Energy & Hydrocarbons,Unknown,3071046.265,0.0,3071046.265
2019,Footwear & Headgear,Africa,1919070.835,53.494,1919017.341
2019,Footwear & Headgear,America,43672557.258999996,0.877,43672556.382
2019,Footwear & Headgear,Asia,35384911.154,13.421999999999999,35384897.732
2019,Footwear & Headgear,Europe,73472936.517,20.377,73472916.14
2019,Footwear & Headgear,Pacific,2552987.963,0.0,2552987.963
2019,Footwear & Headgear,Unknown,180742.619,0.057,180742.562
2019,Furniture & Misc,Africa,4581217.973,1675.692,4579542.281
2019,Furniture & Misc,America,135174284.462,29.983,135174254.479
2019,Furniture & Misc,Asia,79338958.437,10.786000000000001,79338947.651
2019,Furniture & Misc,Europe,170267324.407,810.49,170266513.917
2019,Furniture & Misc,Pacific,9428437.493,0.0,9428437.493
2019,Furniture & Misc,Unknown,554037.842,0.127,554037.715
2019,Instruments & Optics,Africa,5229788.699,156.74499999999998,5229631.954
2019,Instruments & Optics,America,142071997.884,228.011,142071769.873
2019,Instruments & Optics,Asia,227093240.387,727.474,227092512.913
2019,Instruments & Optics,Europe,221022513.423,5678.55,221016834.873
2019,Instruments & Optics,Pacific,10047713.877,82.91199999999999,10047630.965
2019,Instruments & Optics,Unknown,498782.508,0.0,498782.508
2019,Machinery & Equipment,Africa,60006765.141,28279.282,59978485.859
2019,Machinery & Equipment,America,1099757726.444,838.641,1099756887.803
2019,Machinery & Equipment,Asia,1788888768.428,12601.523,1788876166.905
2019,Machinery & Equipment,Europe,1448793409.817,79031.742,1448714378.075
2019,Machinery & Equipment,Pacific,65435961.733,5.898,65435955.835
2019,Machinery & Equipment,Unknown,5531004.644,0.17,5531004.474
2019,Metals & Metal Products,Africa,30067713.222,12707.051,30055006.171
2019,Metals & Metal Products,America,221329141.531,65671.193,221263470.338
2019,Metals & Metal Products,Asia,390380344.287,249.338,390380094.949
2019,Metals & Metal Products,Europe,500431702.824,68912.646,500362790.17800003
2019,Metals & Metal Products,Pacific,12284874.858,0.927,12284873.931
2019,Metals & Metal Products,Unknown,2712608.122,0.057,2712608.065
2019,Minerals & Raw Materials,Africa,3715050.646,50258.277,3664792.369
2019,Minerals & Raw Materials,America,16840781.235,20862.791,16819918.444
2019,Minerals & Raw Materials,Asia,201305895.499,21055.844,201284839.655
2019,Minerals & Raw Materials,Europe,46581675.737,80197.12800000001,46501478.609
2019,Minerals & Raw Materials,Pacific,1301492.213,3.324,1301488.889
2019,Minerals & Raw Materials,Unknown,524057.988,0.0,524057.988
2019,Plastics & Rubber,Africa,16152423.207,3252.235,16149170.972000001
2019,Plastics & Rubber,America,170153684.583,30.365,170153654.218
2019,Plastics & Rubber,Asia,242512601.577,1409.046,242511192.531
2019,Plastics & Rubber,Europe,318468298.102,2431.359,318465866.74300003
2019,Plastics & Rubber,Pacific,10510862.761,0.205,10510862.556
2019,Plastics & Rubber,Unknown,1965231.455,0.0,1965231.455
2019,Precious Metals & Gems,Africa,1031646.09,1.341,1031644.749
2019,Precious Metals & Gems,America,56827260.735,0.04,56827260.695
2019,Precious Metals & Gems,Asia,276444765.595,395.987,276444369.608
2019,Precious Metals & Gems,Europe,236973982.383,2230.2320000000004,236971752.151
2019,Precious Metals & Gems,Pacific,4747708.802999999,0.83,4747707.972999999
2019,Precious Metals & Gems,Unknown,32924.473,0.0,32924.473
2019,"Stone, Glass & Ceramics",Africa,3598838.92,27834.153000000002,3571004.767
2019,"Stone, Glass & Ceramics",America,36292902.11,141.756,36292760.354
2019,"Stone, Glass & Ceramics",Asia,48273476.831,521.879,48272954.952
2019,"Stone, Glass & Ceramics",Europe,69821628.503,6861.424,69814767.079
2019,"Stone, Glass & Ceramics",Pacific,2865345.605,0.0,2865345.605
2019,"Stone, Glass & Ceramics",Unknown,367956.646,0.0,367956.646
2019,Textiles & Clothing,Africa,17983282.989,2842.778,17980440.211
2019,Textiles & Clothing,America,163511760.47100002,115.433,163511645.038
2019,Textiles & Clothing,Asia,216397926.812,3677.986,216394248.826
2019,Textiles & Clothing,Europe,302768437.752,8004.3679999999995,302760433.384
2019,Textiles & Clothing,Pacific,11512066.422,197.211,11511869.211
2019,Textiles & Clothing,Unknown,1269095.689,0.185,1269095.504
2019,Transport,Africa,31582831.553999998,1784.4460000000001,31581047.108
2019,Transport,America,556404188.756,230.323,556403958.433
2019,Transport,Asia,402787393.704,55.727,402787337.977
2019,Transport,Europe,814955491.534,4046.5519999999997,814951444.982
2019,Transport,Pacific,38906251.448,0.383,38906251.065
2019,Transport,Unknown,2519973.472,0.0,2519973.472
2019,"Wood, Paper & Leather",Africa,12192400.321,10943.601,12181456.72
2019,"Wood, Paper & Leather",America,95359558.818,68.612,95359490.206
2019,"Wood, Paper & Leather",Asia,154572813.797,9134.422,154563679.375
2019,"Wood, Paper & Leather",Europe,210586007.03,20803.814,210565203.216
2019,"Wood, Paper & Leather",Pacific,7595774.589,6.818,7595767.771
2019,"Wood, Paper & Leather",Unknown,1305254.67,0.084,1305254.5860000001
2020,Agriculture & Food,Africa,49719217.259,61955.541,49657261.718
2020,Agriculture & Food,America,279329455.976,15835.814,279313620.162
2020,Agriculture & Food,Asia,541561636.135,157996.457,541403639.678
2020,Agriculture & Food,Europe,630259914.037,170083.917,630089830.12
2020,Agriculture & Food,Pacific,20875044.465,206.165,20874838.3
2020,Agriculture & Food,Unknown,2413959.039,30.605,2413928.434
2020,Arms & Ammunition,Africa,449988.697,0.0,449988.697
2020,Arms & Ammunition,America,4248382.563,0.0,4248382.563
2020,Arms & Ammunition,Asia,2870882.625,0.0,2870882.625
2020,Arms & Ammunition,Europe,3283948.538,0.0,3283948.538
2020,Arms & Ammunition,Pacific,346570.51,0.0,346570.51
2020,Arms & Ammunition,Unknown,14049.516,0.0,14049.516
2020,Arts & Antiques,Africa,12584.105,1.25,12582.855000000001
2020,Arts & Antiques,America,4908735.53,23.003,4908712.527
2020,Arts & Antiques,Asia,4395524.3209999995,78.34400000000001,4395445.977
2020,Arts & Antiques,Europe,7095470.331,4.202,7095466.129
2020,Arts & Antiques,Pacific,127901.069,0.0,127901.069
2020,Arts & Antiques,Unknown,2427.497,0.0,2427.497
2020,Chemicals,Africa,28744401.73,21448.736,28722952.994
2020,Chemicals,America,401195812.521,673690.262,400522122.259
2020,Chemicals,Asia,479921403.08,86913.386,479834489.694
2020,Chemicals,Europe,790010428.169,564854.83,789445573.339
2020,Chemicals,Pacific,24373323.272,4.181,24373319.091
2020,Chemicals,Unknown,3068598.081,120.381,3068477.7
2020,Energy & Hydrocarbons,Africa,32096045.126,1362684.821,30733360.305
2020,Energy & Hydrocarbons,America,220743000.704,792539.0939999999,219950461.61
2020,Energy & Hydrocarbons,Asia,719158991.048,4271697.544,714887293.504
2020,Energy & Hydrocarbons,Europe,430120616.747,12655226.684,417465390.063
2020,Energy & Hydrocarbons,Pacific,18326361.078,114368.52,18211992.558
2020,Energy & Hydrocarbons,Unknown,2061677.437,401.039,2061276.398
2020,Footwear & Headgear,Africa,1894601.803,46.502,1894555.301
2020,Footwear & Headgear,America,33159345.79,0.048,33159345.742
2020,Footwear & Headgear,Asia,30277064.584,18.321,30277046.263
2020,Footwear & Headgear,Europe,66212221.641,18.248,66212203.393
2020,Footwear & Headgear,Pacific,2119449.529,1.78,2119447.7490000003
2020,Footwear & Headgear,Unknown,151942.592,0.0,151942.592
2020,Furniture & Misc,Africa,4691233.2360000005,1506.103,4689727.133
2020,Furniture & Misc,America,132258885.353,47.977000000000004,132258837.376
2020,Furniture & Misc,Asia,74419140.812,1073.693,74418067.119
2020,Furniture & Misc,Europe,167256271.317,2331.879,167253939.438
2020,Furniture & Misc,Pacific,9834646.311999999,0.0,9834646.311999999
2020,Furniture & Misc,Unknown,553570.586,0.0,553570.586
2020,Instruments & Optics,Africa,5229805.468,57.42,5229748.048
2020,Instruments & Optics,America,132951159.728,343.154,132950816.574
2020,Instruments & Optics,Asia,214342138.81,2269.829,214339868.981
2020,Instruments & Optics,Europe,215548466.301,3741.649,215544724.652
2020,Instruments & Optics,Pacific,9998683.734,3.929,9998679.805
2020,Instruments & Optics,Unknown,583962.518,0.086,583962.432
2020,Machinery & Equipment,Africa,55204645.984,15194.254,55189451.73
2020,Machinery & Equipment,America,1018964303.063,523.0649999999999,1018963779.998
2020,Machinery & Equipment,Asia,1785230200.224,3418.789,1785226781.435
2020,Machinery & Equipment,Europe,1401949425.826,49781.509999999995,1401899644.316
2020,Machinery & Equipment,Pacific,63576521.114,7.865,63576513.249
2020,Machinery & Equipment,Unknown,5991648.665,0.142,5991648.523
2020,Metals & Metal Products,Africa,26015079.41,12545.145,26002534.265
2020,Metals & Metal Products,America,190921700.876,28986.822,190892714.054
2020,Metals & Metal Products,Asia,370142038.689,5356.381,370136682.30799997
2020,Metals & Metal Products,Europe,452709601.429,23741.831,452685859.598
2020,Metals & Metal Products,Pacific,11863546.213,2.057,11863544.156
2020,Metals & Metal Products,Unknown,2463027.504,0.0,2463027.504
2020,Minerals & Raw Materials,Africa,3255444.592,21922.501,3233522.091
2020,Minerals & Raw Materials,America,14925963.239,22480.365,14903482.874
2020,Minerals & Raw Materials,Asia,222493917.25399998,217.35999999999999,222493699.894
2020,Minerals & Raw Materials,Europe,44366002.405,65373.379,44300629.026
2020,Minerals & Raw Materials,Pacific,1276272.9849999999,3034.351,1273238.634
2020,Minerals & Raw Materials,Unknown,381079.845,0.0,381079.845
2020,Plastics & Rubber,Africa,16101657.484,4482.6720000000005,16097174.812
2020,Plastics & Rubber,America,163446792.109,4201.429,163442590.68
2020,Plastics & Rubber,Asia,229483996.064,2552.822,229481443.242
2020,Plastics & Rubber,Europe,304890938.124,4014.42,304886923.704
2020,Plastics & Rubber,Pacific,10905142.612,2.652,10905139.96
2020,Plastics & Rubber,Unknown,1995036.661,0.025,1995036.636
2020,Precious Metals & Gems,Africa,796918.613,0.018,796918.595
2020,Precious Metals & Gems,America,89225416.854,4.153,89225412.701
2020,Precious Metals & Gems,Asia,211053350.696,11.782,211053338.914
2020,Precious Metals & Gems,Europe,285428109.856,602.534,285427507.322
2020,Precious Metals & Gems,Pacific,6656782.761,9.318,6656773.443
2020,Precious Metals & Gems,Unknown,87300.026,0.0,87300.026
2020,"Stone, Glass & Ceramics",Africa,3250280.112,15108.451,3235171.661
2020,"Stone, Glass & Ceramics",America,33057799.669999998,87.851,33057711.819
2020,"Stone, Glass & Ceramics",Asia,49322404.881,563.0600000000001,49321841.821
2020,"Stone, Glass & Ceramics",Europe,65875343.815,10011.753,65865332.062
2020,"Stone, Glass & Ceramics",Pacific,2808215.2090000003,1.919,2808213.29
2020,"Stone, Glass & Ceramics",Unknown,395723.457,0.0,395723.457
2020,Textiles & Clothing,Africa,16375561.594,3038.247,16372523.347
2020,Textiles & Clothing,America,159393876.962,23.322000000000003,159393853.64
2020,Textiles & Clothing,Asia,193602010.607,13970.426,193588040.181
2020,Textiles & Clothing,Europe,308986856.702,7985.536,308978871.166
2020,Textiles & Clothing,Pacific,12638737.532,0.982,12638736.549999999
2020,Textiles & Clothing,Unknown,1376151.947,0.032,1376151.915
2020,Transport,Africa,27115997.7,28.355,27115969.345
2020,Transport,America,440267425.566,35.36,440267390.206
2020,Transport,Asia,330543451.746,80.237,330543371.509
2020,Transport,Europe,696658407.835,34234.865,696624172.97
2020,Transport,Pacific,33534288.815,0.0,33534288.815
2020,Transport,Unknown,1977364.068,0.0,1977364.068
2020,"Wood, Paper & Leather",Africa,10154954.789,8683.585,10146271.204
2020,"Wood, Paper & Leather",America,88404113.325,25.055,88404088.27
2020,"Wood, Paper & Leather",Asia,137203345.89699998,9242.231,137194103.666
2020,"Wood, Paper & Leather",Europe,193605703.365,20296.886,193585406.479
2020,"Wood, Paper & Leather",Pacific,6906786.312,12.927,6906773.385
2020,"Wood, Paper & Leather",Unknown,1250346.11,0.0,1250346.11
2021,Agriculture & Food,Africa,57934112.998,70372.567,57863740.431
2021,Agriculture & Food,America,330846975.158,18096.735,330828878.423
2021,Agriculture & Food,Asia,643712192.9580001,173826.736,643538366.222
2021,Agriculture & Food,Europe,708055383.314,222581.579,707832801.735
2021,Agriculture & Food,Pacific,22141395.883,290.699,22141105.184
2021,Agriculture & Food,Unknown,2890912.882,15.84,2890897.042
2021,Arms & Ammunition,Africa,462282.041,0.0,462282.041
2021,Arms & Ammunition,America,5914975.551,0.0,5914975.551
2021,Arms & Ammunition,Asia,2599637.876,0.0,2599637.876
2021,Arms & Ammunition,Europe,3938061.113,3.762,3938057.351
2021,Arms & Ammunition,Pacific,498317.822,0.0,498317.822
2021,Arms & Ammunition,Unknown,18320.344,0.0,18320.344
2021,Arts & Antiques,Africa,11700.426,4.992999999999999,11695.433
2021,Arts & Antiques,America,7445974.439,955.764,7445018.675
2021,Arts & Antiques,Asia,8436973.779,98.22099999999999,8436875.558
2021,Arts & Antiques,Europe,8130401.311,15.702,8130385.609
2021,Arts & Antiques,Pacific,173947.501,0.0,173947.501
2021,Arts & Antiques,Unknown,1424.605,0.0,1424.605
2021,Chemicals,Africa,34187684.157,55404.904,34132279.253
2021,Chemicals,America,477358185.328,977875.5449999999,476380309.783
2021,Chemicals,Asia,611808929.163,69473.034,611739456.129
2021,Chemicals,Europe,948680261.967,1283003.552,947397258.415
2021,Chemicals,Pacific,29210040.888,0.904,29210039.984
2021,Chemicals,Unknown,3649411.28,97.501,3649313.779
2021,Energy & Hydrocarbons,Africa,49174283.617,1293184.146,47881099.471
2021,Energy & Hydrocarbons,America,379058199.55,1991848.4309999999,377066351.119
2021,Energy & Hydrocarbons,Asia,1105340137.794,6621197.837,1098718939.957
2021,Energy & Hydrocarbons,Europe,794833858.931,23015464.726,771818394.205
2021,Energy & Hydrocarbons,Pacific,27562479.441999998,158377.35,27404102.092
2021,Energy & Hydrocarbons,Unknown,3386645.528,1751.976,3384893.552
2021,Footwear & Headgear,Africa,2338556.812,13.594000000000001,2338543.218
2021,Footwear & Headgear,America,43869181.294,0.242,43869181.052
2021,Footwear & Headgear,Asia,35192873.853,29.362000000000002,35192844.491000004
2021,Footwear & Headgear,Europe,75294559.178,65.268,75294493.91
2021,Footwear & Headgear,Pacific,2789091.6859999998,3.956,2789087.73
2021,Footwear & Headgear,Unknown,201427.856,0.0,201427.856
2021,Furniture & Misc,Africa,5387815.906,1840.9790000000003,5385974.927
2021,Furniture & Misc,America,171777718.882,255.906,171777462.976
2021,Furniture & Misc,Asia,86010597.347,3081.793,86007515.554
2021,Furniture & Misc,Europe,207487061.773,1492.881,207485568.892
2021,Furniture & Misc,Pacific,12742600.452,0.0,12742600.452
2021,Furniture & Misc,Unknown,702655.241,0.0,702655.241
2021,Instruments & Optics,Africa,5963702.169,114.07300000000001,5963588.096
2021,Instruments & Optics,America,158784554.30200002,44.242999999999995,158784510.05900002
2021,Instruments & Optics,Asia,238965975.422,1191.456,238964783.966
2021,Instruments & Optics,Europe,247897307.462,4507.3240000000005,247892800.138
2021,Instruments & Optics,Pacific,11782530.489,4.155,11782526.334
2021,Instruments & Optics,Unknown,740924.45,0.0,740924.45
2021,Machinery & Equipment,Africa,60674463.908,17227.995,60657235.913
2021,Machinery & Equipment,America,1214782822.842,489.153,1214782333.689
2021,Machinery & Equipment,Asia,2114090181.013,2992.373,2114087188.64
2021,Machinery & Equipment,Europe,1658001608.301,83172.27799999999,1657918436.023
2021,Machinery & Equipment,Pacific,76325918.508,7.304,76325911.204
2021,Machinery & Equipment,Unknown,7326842.8,0.018,7326842.782000001
2021,Metals & Metal Products,Africa,31724706.266,44347.204000000005,31680359.062
2021,Metals & Metal Products,America,291808891.931,237699.838,291571192.093
2021,Metals & Metal Products,Asia,493709760.685,93447.067,493616313.61800003
2021,Metals & Metal Products,Europe,649431674.318,530363.9230000001,648901310.395
2021,Metals & Metal Products,Pacific,16777400.930999998,2.224,16777398.707
2021,Metals & Metal Products,Unknown,3613083.848,0.135,3613083.713
2021,Minerals & Raw Materials,Africa,5470777.23,127801.107,5342976.123
2021,Minerals & Raw Materials,America,19898447.434,48115.831,19850331.603
2021,Minerals & Raw Materials,Asia,322475766.098,62389.726,322413376.372
2021,Minerals & Raw Materials,Europe,63085944.616,125075.413,62960869.203
2021,Minerals & Raw Materials,Pacific,1823524.2380000001,4598.662,1818925.5760000001
2021,Minerals & Raw Materials,Unknown,476985.942,0.0,476985.942
2021,Plastics & Rubber,Africa,21193108.086,9194.635,21183913.451
2021,Plastics & Rubber,America,223160397.533,13263.921999999999,223147133.611
2021,Plastics & Rubber,Asia,282204846.194,1957.7510000000002,282202888.443
2021,Plastics & Rubber,Europe,402094312.128,12209.716999999999,402082102.411
2021,Plastics & Rubber,Pacific,13456633.666000001,0.0,13456633.666000001
2021,Plastics & Rubber,Unknown,2702697.366,0.005,2702697.361
2021,Precious Metals & Gems,Africa,2054376.3120000002,0.139,2054376.1730000002
2021,Precious Metals & Gems,America,90888191.235,1604.473,90886586.762
2021,Precious Metals & Gems,Asia,342413154.01,11.108,342413142.902
2021,Precious Metals & Gems,Europe,273616800.557,2800.1559999999995,273614000.401
2021,Precious Metals & Gems,Pacific,5842768.822,7.734,5842761.0879999995
2021,Precious Metals & Gems,Unknown,104388.007,0.0,104388.007
2021,"Stone, Glass & Ceramics",Africa,3911247.156,21561.697,3889685.459
2021,"Stone, Glass & Ceramics",America,42619703.451,7271.866,42612431.585
2021,"Stone, Glass & Ceramics",Asia,53461424.271,722.206,53460702.065
2021,"Stone, Glass & Ceramics",Europe,80579515.913,12341.530999999999,80567174.382
2021,"Stone, Glass & Ceramics",Pacific,3639667.986,0.993,3639666.9930000002
2021,"Stone, Glass & Ceramics",Unknown,530704.697,0.0,530704.697
2021,Textiles & Clothing,Africa,19361693.991,11874.116,19349819.875
2021,Textiles & Clothing,America,181289756.03,57.741,181289698.289
2021,Textiles & Clothing,Asia,221518226.385,3704.962,221514521.423
2021,Textiles & Clothing,Europe,326398811.591,10379.636999999999,326388431.954
2021,Textiles & Clothing,Pacific,13888887.319,8.503,13888878.816
2021,Textiles & Clothing,Unknown,1511466.582,0.0,1511466.582
2021,Transport,Africa,32796379.45,90.741,32796288.709
2021,Transport,America,500203827.089,8.569,500203818.52
2021,Transport,Asia,373799364.248,2202.165,373797162.083
2021,Transport,Europe,785884697.048,16853.353,785867843.6949999
2021,Transport,Pacific,46403418.795,2.238,46403416.557
2021,Transport,Unknown,2343245.301,0.0,2343245.301
2021,"Wood, Paper & Leather",Africa,10818558.294,12428.364,10806129.93
2021,"Wood, Paper & Leather",America,116684249.005,35.921,116684213.084
2021,"Wood, Paper & Leather",Asia,165068369.253,21063.908,165047305.345
2021,"Wood, Paper & Leather",Europe,237688716.485,30377.462,237658339.023
2021,"Wood, Paper & Leather",Pacific,8669196.245,31.171,8669165.074
2021,"Wood, Paper & Leather",Unknown,1535672.473,0.0,1535672.473
2022,Agriculture & Food,Africa,61342261.681,84368.568,61257893.113
2022,Agriculture & Food,America,376970330.471,18209.196,376952121.275
2022,Agriculture & Food,Asia,701191207.896,96423.78,701094784.1159999
2022,Agriculture & Food,Europe,771714273.192,174551.066,771539722.126
2022,Agriculture & Food,Pacific,24829108.685,229.541,24828879.144
2022,Agriculture & Food,Unknown,3439274.607,21.26,3439253.347
2022,Arms & Ammunition,Africa,446211.017,0.0,446211.017
2022,Arms & Ammunition,America,5356994.254,0.615,5356993.639
2022,Arms & Ammunition,Asia,2905769.198,0.0,2905769.198
2022,Arms & Ammunition,Europe,6617707.652,0.361,6617707.291
2022,Arms & Ammunition,Pacific,517386.776,0.0,517386.776
2022,Arms & Ammunition,Unknown,14923.224,0.0,14923.224
2022,Arts & Antiques,Africa,18618.814,0.128,18618.686
2022,Arts & Antiques,America,9050263.712,1656.622,9048607.09
2022,Arts & Antiques,Asia,9054503.915000001,37.448,9054466.467
2022,Arts & Antiques,Europe,8873524.271,186.868,8873337.403
2022,Arts & Antiques,Pacific,200885.631,0.0,200885.631
2022,Arts & Antiques,Unknown,1994.794,0.0,1994.794
2022,Chemicals,Africa,39213978.385,42667.726,39171310.659
2022,Chemicals,America,569551334.999,1057696.795,568493638.204
2022,Chemicals,Asia,661814997.782,321696.28099999996,661493301.501
2022,Chemicals,Europe,1038632386.622,2566656.414,1036065730.208
2022,Chemicals,Pacific,38355945.039,12.011,38355933.028
2022,Chemicals,Unknown,4378818.528,2209.741,4376608.787
2022,Energy & Hydrocarbons,Africa,83649180.964,1666101.2680000002,81983079.696
2022,Energy & Hydrocarbons,America,573634462.1620001,3385983.541,570248478.621
2022,Energy & Hydrocarbons,Asia,1632014474.258,9505363.75,1622509110.508
2022,Energy & Hydrocarbons,Europe,1409555056.942,42753127.575,1366801929.367
2022,Energy & Hydrocarbons,Pacific,45380486.077,252152.0,45128334.077
2022,Energy & Hydrocarbons,Unknown,7163818.152,2884.282,7160933.87
2022,Footwear & Headgear,Africa,2868084.787,23.133,2868061.654
2022,Footwear & Headgear,America,57456573.64,80.73499999999999,57456492.905
2022,Footwear & Headgear,Asia,39823738.27,11.119,39823727.151
2022,Footwear & Headgear,Europe,87924871.669,61.135,87924810.53400001
2022,Footwear & Headgear,Pacific,3211374.281,1.941,3211372.34
2022,Footwear & Headgear,Unknown,210490.408,0.0,210490.408
2022,Furniture & Misc,Africa,5588562.986,1879.23,5586683.756
2022,Furniture & Misc,America,182346782.679,65.50200000000001,182346717.177
2022,Furniture & Misc,Asia,85478070.477,1257.977,85476812.5
2022,Furniture & Misc,Europe,202161321.196,226.144,202161095.052
2022,Furniture & Misc,Pacific,13269639.605,0.0,13269639.605
2022,Furniture & Misc,Unknown,724903.796,0.0,724903.796
2022,Instruments & Optics,Africa,5634054.66,288.829,5633765.831
2022,Instruments & Optics,America,167870609.33,59.58,167870549.75
2022,Instruments & Optics,Asia,225547596.712,2205.61,225545391.102
2022,Instruments & Optics,Europe,247566998.776,7112.204,247559886.572
2022,Instruments & Optics,Pacific,12298121.843,2.565,12298119.277999999
2022,Instruments & Optics,Unknown,641369.7980000001,0.158,641369.64
2022,Machinery & Equipment,Africa,61740865.423,21377.704,61719487.719
2022,Machinery & Equipment,America,1358673727.636,7591.217000000001,1358666136.419
2022,Machinery & Equipment,Asia,2106111175.058,25587.983,2106085587.075
2022,Machinery & Equipment,Europe,1733404241.362,55508.537,1733348732.825
2022,Machinery & Equipment,Pacific,83102698.925,103.506,83102595.419
2022,Machinery & Equipment,Unknown,7647485.156,0.677,7647484.479
2022,Metals & Metal Products,Africa,33660486.269,94852.52600000001,33565633.743
2022,Metals & Metal Products,America,328264214.33,416890.26,327847324.07
2022,Metals & Metal Products,Asia,516603011.677,34242.125,516568769.552
2022,Metals & Metal Products,Europe,696813384.487,626929.622,696186454.865
2022,Metals & Metal Products,Pacific,18123654.135,2.212,18123651.923
2022,Metals & Metal Products,Unknown,3970225.758,0.0,3970225.758
2022,Minerals & Raw Materials,Africa,7533734.038,208351.316,7325382.722
2022,Minerals & Raw Materials,America,22730175.457,157384.994,22572790.463
2022,Minerals & Raw Materials,Asia,279499188.199,112797.00600000001,279386391.19299996
2022,Minerals & Raw Materials,Europe,57437494.127000004,244365.896,57193128.231
2022,Minerals & Raw Materials,Pacific,1777128.091,10912.894,1766215.1970000002
2022,Minerals & Raw Materials,Unknown,299376.414,0.0,299376.414
2022,Plastics & Rubber,Africa,22448978.246,8980.542,22439997.704
2022,Plastics & Rubber,America,237431989.613,10549.854,237421439.759
2022,Plastics & Rubber,Asia,281076536.783,1611.379,281074925.404
2022,Plastics & Rubber,Europe,407276216.048,26623.839,407249592.209
2022,Plastics & Rubber,Pacific,14215133.979,43.46,14215090.519
2022,Plastics & Rubber,Unknown,2926239.664,0.0,2926239.664
2022,Precious Metals & Gems,Africa,1581990.972,0.276,1581990.696
2022,Precious Metals & Gems,America,88294912.068,8.34,88294903.728
2022,Precious Metals & Gems,Asia,406309452.237,129.625,406309322.612
2022,Precious Metals & Gems,Europe,288609028.707,8917.804,288600110.903
2022,Precious Metals & Gems,Pacific,6093125.421,1.075,6093124.346
2022,Precious Metals & Gems,Unknown,249232.05700000003,0.0,249232.05700000003
2022,"Stone, Glass & Ceramics",Africa,4287947.248,44270.121,4243677.127
2022,"Stone, Glass & Ceramics",America,46673484.76,3616.056,46669868.704
2022,"Stone, Glass & Ceramics",Asia,53273449.917,1177.9950000000001,53272271.922
2022,"Stone, Glass & Ceramics",Europe,83137506.983,48058.90200000001,83089448.081
2022,"Stone, Glass & Ceramics",Pacific,3899553.802,0.052,3899553.75
2022,"Stone, Glass & Ceramics",Unknown,607721.047,4.8,607716.247
2022,Textiles & Clothing,Africa,19549978.901,6691.92,19543286.981
2022,Textiles & Clothing,America,205711359.396,166.666,205711192.73
2022,Textiles & Clothing,Asia,227463455.584,4675.571,227458780.013
2022,Textiles & Clothing,Europe,352296143.159,14094.643,352282048.516
2022,Textiles & Clothing,Pacific,15167364.857,17.516,15167347.341
2022,Textiles & Clothing,Unknown,1644605.701,0.0,1644605.701
2022,Transport,Africa,28942819.427,463.71000000000004,28942355.717
2022,Transport,America,574505891.006,783.1270000000001,574505107.879
2022,Transport,Asia,371000031.463,16.854,371000014.609
2022,Transport,Europe,808487930.881,3913.835,808484017.046
2022,Transport,Pacific,49623527.152,7.905,49623519.247
2022,Transport,Unknown,2615841.6319999998,0.0,2615841.6319999998
2022,"Wood, Paper & Leather",Africa,12347039.053,28274.261000000002,12318764.792
2022,"Wood, Paper & Leather",America,133578581.222,175.712,133578405.51
2022,"Wood, Paper & Leather",Asia,169624249.042,29287.663,169594961.379
2022,"Wood, Paper & Leather",Europe,257383466.352,45155.31,257338311.042
2022,"Wood, Paper & Leather",Pacific,9995011.798,9.049,9995002.749
2022,"Wood, Paper & Leather",Unknown,1791140.508,0.0,1791140.508
2023,Agriculture & Food,Africa,57859549.226,148139.676,57711409.55
2023,Agriculture & Food,America,377376324.32,18048.346,377358275.974
2023,Agriculture & Food,Asia,660298626.965,76799.669,660221827.296
2023,Agriculture & Food,Europe,808497293.84,154236.954,808343056.886
2023,Agriculture & Food,Pacific,23025624.312,138.732,23025485.580000002
2023,Agriculture & Food,Unknown,3747955.102,4.909,3747950.193
2023,Arms & Ammunition,Africa,576930.29,0.0,576930.29
2023,Arms & Ammunition,America,5251534.441,2.625,5251531.816
2023,Arms & Ammunition,Asia,3477298.644,0.0,3477298.644
2023,Arms & Ammunition,Europe,9268762.992,0.036,9268762.956
2023,Arms & Ammunition,Pacific,431566.402,0.0,431566.402
2023,Arms & Ammunition,Unknown,30416.866,0.0,30416.866
2023,Arts & Antiques,Africa,68195.873,0.0,68195.873
2023,Arts & Antiques,America,7295797.716,137.85000000000002,7295659.866
2023,Arts & Antiques,Asia,9556580.061999999,627.109,9555952.953
2023,Arts & Antiques,Europe,10700654.932,317.771,10700337.161
2023,Arts & Antiques,Pacific,276277.102,0.0,276277.102
2023,Arts & Antiques,Unknown,825.204,0.0,825.204
2023,Chemicals,Africa,33710739.269,33867.096,33676872.173
2023,Chemicals,America,530797186.097,858487.2339999999,529938698.86300004
2023,Chemicals,Asia,598996027.131,140219.342,598855807.789
2023,Chemicals,Europe,1007714766.91,1358566.035,1006356200.875
2023,Chemicals,Pacific,29463189.259,4.065,29463185.194
2023,Chemicals,Unknown,4136488.864,2527.445,4133961.419
2023,Energy & Hydrocarbons,Africa,80674489.304,1700665.377,78973823.927
2023,Energy & Hydrocarbons,America,464268656.90099996,4139862.246,460128794.65500003
2023,Energy & Hydrocarbons,Asia,1422196792.676,6213596.536,1415983196.14
2023,Energy & Hydrocarbons,Europe,990588826.5,38134244.337,952454582.163
2023,Energy & Hydrocarbons,Pacific,46273694.056,179299.72,46094394.336
2023,Energy & Hydrocarbons,Unknown,5527806.366,2102.302,5525704.064
2023,Footwear & Headgear,Africa,2577654.989,24.548,2577630.441
2023,Footwear & Headgear,America,43602064.877,2.559,43602062.317999996
2023,Footwear & Headgear,Asia,40608055.345,1.991,40608053.354
2023,Footwear & Headgear,Europe,83094070.278,68.52,83094001.758
2023,Footwear & Headgear,Pacific,2830032.42,0.0,2830032.42
2023,Footwear & Headgear,Unknown,221938.061,0.0,221938.061
2023,Furniture & Misc,Africa,6073775.816,2129.069,6071646.747
2023,Furniture & Misc,America,155982832.3,17.714,155982814.586
2023,Furniture & Misc,Asia,82692082.556,835.487,82691247.069
2023,Furniture & Misc,Europe,191649812.076,2427.8880000000004,191647384.188
2023,Furniture & Misc,Pacific,10731628.211000001,0.0,10731628.211000001
2023,Furniture & Misc,Unknown,711162.593,0.0,711162.593
2023,Instruments & Optics,Africa,5791265.771,11.647,5791254.124
2023,Instruments & Optics,America,172861107.96,15.454,172861092.506
2023,Instruments & Optics,Asia,223041339.695,111.378,223041228.317
2023,Instruments & Optics,Europe,266318350.111,2594.788,266315755.323
2023,Instruments & Optics,Pacific,12353595.209999999,6.951,12353588.259
2023,Instruments & Optics,Unknown,720467.137,0.0,720467.137
2023,Machinery & Equipment,Africa,65959775.655,20260.444,65939515.211
2023,Machinery & Equipment,America,1332857984.715,757.904,1332857226.811
2023,Machinery & Equipment,Asia,2012640511.545,3387.315,2012637124.23
2023,Machinery & Equipment,Europe,1792765080.604,64752.143000000004,1792700328.461
2023,Machinery & Equipment,Pacific,80168538.375,25.507,80168512.868
2023,Machinery & Equipment,Unknown,7973888.965,0.174,7973888.791
2023,Metals & Metal Products,Africa,32404647.725,34514.356,32370133.369
2023,Metals & Metal Products,America,293260709.548,420277.321,292840432.227
2023,Metals & Metal Products,Asia,473862164.37,42293.321,473819871.049
2023,Metals & Metal Products,Europe,620404318.365,683772.402,619720545.963
2023,Metals & Metal Products,Pacific,15340048.174,0.0,15340048.174
2023,Metals & Metal Products,Unknown,3823750.229,0.0,3823750.229
2023,Minerals & Raw Materials,Africa,6738801.096,108660.989,6630140.107
2023,Minerals & Raw Materials,America,21766684.565,232843.888,21533840.677
2023,Minerals & Raw Materials,Asia,292747082.357,161015.061,292586067.296
2023,Minerals & Raw Materials,Europe,52939474.727,263741.082,52675733.645
2023,Minerals & Raw Materials,Pacific,1333263.108,0.0,1333263.108
2023,Minerals & Raw Materials,Unknown,310806.24199999997,0.003,310806.239
2023,Plastics & Rubber,Africa,20775469.523,11150.207,20764319.316
2023,Plastics & Rubber,America,206630865.016,7106.1050000000005,206623758.911
2023,Plastics & Rubber,Asia,251417924.188,608.3870000000001,251417315.801
2023,Plastics & Rubber,Europe,369596674.937,18482.681,369578192.256
2023,Plastics & Rubber,Pacific,11916291.538,3.184,11916288.354
2023,Plastics & Rubber,Unknown,2739828.782,0.105,2739828.677
2023,Precious Metals & Gems,Africa,1392005.826,0.0,1392005.826
2023,Precious Metals & Gems,America,84241548.616,0.0,84241548.616
2023,Precious Metals & Gems,Asia,412636626.321,2548.382,412634077.939
2023,Precious Metals & Gems,Europe,289393103.781,2443.4519999999998,289390660.329
2023,Precious Metals & Gems,Pacific,5979299.875,0.895,5979298.98
2023,Precious Metals & Gems,Unknown,126706.875,0.0,126706.875
2023,"Stone, Glass & Ceramics",Africa,4415292.026,29105.967,4386186.059
2023,"Stone, Glass & Ceramics",America,41739210.464,1353.783,41737856.681
2023,"Stone, Glass & Ceramics",Asia,51076793.506,470.351,51076323.155
2023,"Stone, Glass & Ceramics",Europe,81099237.882,27358.804,81071879.078
2023,"Stone, Glass & Ceramics",Pacific,2989425.142,0.0,2989425.142
2023,"Stone, Glass & Ceramics",Unknown,565143.348,0.0,565143.348
2023,Textiles & Clothing,Africa,18838954.602,6124.884999999999,18832829.717
2023,Textiles & Clothing,America,169529616.262,124.755,169529491.507
2023,Textiles & Clothing,Asia,216982594.085,3476.649,216979117.436
2023,Textiles & Clothing,Europe,324142988.126,7867.132,324135120.994
2023,Textiles & Clothing,Pacific,12930497.856,0.0,12930497.856
2023,Textiles & Clothing,Unknown,1727457.211,0.698,1727456.513
2023,Transport,Africa,42722805.938,147.93,42722658.008
2023,Transport,America,664369297.865,9.069,664369288.796
2023,Transport,Asia,429704147.494,38.704,429704108.79
2023,Transport,Europe,973576827.3790001,8511.684000000001,973568315.695
2023,Transport,Pacific,57921075.913,3.6889999999999996,57921072.224
2023,Transport,Unknown,2963396.0390000003,0.0,2963396.0390000003
2023,"Wood, Paper & Leather",Africa,11186930.193,32050.425,11154879.768
2023,"Wood, Paper & Leather",America,109100981.793,432.782,109100549.01099999
2023,"Wood, Paper & Leather",Asia,160098322.568,25687.042,160072635.526
2023,"Wood, Paper & Leather",Europe,227360696.85,41159.35,227319537.5
2023,"Wood, Paper & Leather",Pacific,8279408.374,0.0,8279408.374
2023,"Wood, Paper & Leather",Unknown,1611363.506,0.0,1611363.506
2024,Agriculture & Food,Africa,58912628.193,140241.86000000002,58772386.333
2024,Agriculture & Food,America,391750382.844,31096.557,391719286.287
2024,Agriculture & Food,Asia,637738294.638,31499.832,637706794.806
2024,Agriculture & Food,Europe,824740389.013,136046.839,824604342.174
2024,Agriculture & Food,Pacific,24741399.586,217.118,24741182.468
2024,Agriculture & Food,Unknown,4196252.391,37.763,4196214.6280000005
2024,Arms & Ammunition,Africa,726166.392,0.0,726166.392
2024,Arms & Ammunition,America,5340499.882999999,0.0,5340499.882999999
2024,Arms & Ammunition,Asia,3736139.595,0.0,3736139.595
2024,Arms & Ammunition,Europe,15147329.107,0.0,15147329.107
2024,Arms & Ammunition,Pacific,532567.107,0.0,532567.107
2024,Arms & Ammunition,Unknown,44466.858,0.0,44466.858
2024,Arts & Antiques,Africa,24232.434,0.55,24231.884
2024,Arts & Antiques,America,7752288.239999999,403.198,7751885.042
2024,Arts & Antiques,Asia,8596490.614,2294.676,8594195.938
2024,Arts & Antiques,Europe,9721512.268000001,472.716,9721039.552000001
2024,Arts & Antiques,Pacific,226948.35700000002,0.0,226948.35700000002
2024,Arts & Antiques,Unknown,1338.7910000000002,0.0,1338.7910000000002
2024,Chemicals,Africa,35358284.188,47364.376000000004,35310919.812
2024,Chemicals,America,572722264.529,713743.2880000001,572008521.241
2024,Chemicals,Asia,580701303.935,37081.717000000004,580664222.218
2024,Chemicals,Europe,987217300.647,1341001.803,985876298.844
2024,Chemicals,Pacific,31241836.676,0.0,31241836.676
2024,Chemicals,Unknown,4429849.195,4350.172,4425499.023
2024,Energy & Hydrocarbons,Africa,66917379.226,1807986.452,65109392.774
2024,Energy & Hydrocarbons,America,421589633.751,3381345.4979999997,418208288.253
2024,Energy & Hydrocarbons,Asia,1328873039.47,6250820.551,1322622218.919
2024,Energy & Hydrocarbons,Europe,860827508.433,31978086.579,828849421.854
2024,Energy & Hydrocarbons,Pacific,39586107.433,96921.28,39489186.153
2024,Energy & Hydrocarbons,Unknown,4645999.32,2224.573,4643774.7469999995
2024,Footwear & Headgear,Africa,2761233.273,5.0569999999999995,2761228.216
2024,Footwear & Headgear,America,45849670.085,0.063,45849670.022
2024,Footwear & Headgear,Asia,39517660.557,2.494,39517658.063
2024,Footwear & Headgear,Europe,83360580.357,51.762,83360528.595
2024,Footwear & Headgear,Pacific,2834366.507,0.0,2834366.507
2024,Footwear & Headgear,Unknown,219409.048,0.0,219409.048
2024,Furniture & Misc,Africa,6234465.38,1006.783,6233458.597
2024,Furniture & Misc,America,160776744.735,34.338,160776710.397
2024,Furniture & Misc,Asia,87963410.029,361.801,87963048.228
2024,Furniture & Misc,Europe,188756885.595,4651.699,188752233.896
2024,Furniture & Misc,Pacific,11233190.446,0.0,11233190.446
2024,Furniture & Misc,Unknown,795530.889,0.0,795530.889
2024,Instruments & Optics,Africa,6143203.252,28.181,6143175.071
2024,Instruments & Optics,America,180662064.148,102.256,180661961.892
2024,Instruments & Optics,Asia,220851043.438,254.51,220850788.928
2024,Instruments & Optics,Europe,267387328.135,3220.324,267384107.811
2024,Instruments & Optics,Pacific,12394986.55,3.191,12394983.359000001
2024,Instruments & Optics,Unknown,790674.4569999999,0.0,790674.4569999999
2024,Machinery & Equipment,Africa,70269835.903,18383.204,70251452.699
2024,Machinery & Equipment,America,1425703970.319,994.3789999999999,1425702975.94
2024,Machinery & Equipment,Asia,2160126486.539,1517.6109999999999,2160124968.928
2024,Machinery & Equipment,Europe,1716473150.231,81426.969,1716391723.262
2024,Machinery & Equipment,Pacific,82141901.229,691.124,82141210.105
2024,Machinery & Equipment,Unknown,8528311.068,0.132,8528310.936
2024,Metals & Metal Products,Africa,35452294.763000004,36236.462,35416058.301
2024,Metals & Metal Products,America,292502479.928,157610.447,292344869.481
2024,Metals & Metal Products,Asia,479847156.8,55698.292,479791458.508
2024,Metals & Metal Products,Europe,592413745.792,600520.2,591813225.592
2024,Metals & Metal Products,Pacific,16205711.452,0.0,16205711.452
2024,Metals & Metal Products,Unknown,4048021.212,0.0,4048021.212
2024,Minerals & Raw Materials,Africa,5271681.832,47393.356,5224288.476
2024,Minerals & Raw Materials,America,20678644.842,144138.435,20534506.407
2024,Minerals & Raw Materials,Asia,288380433.053,152369.453,288228063.59999996
2024,Minerals & Raw Materials,Europe,52521995.163,188140.944,52333854.219
2024,Minerals & Raw Materials,Pacific,1273746.701,6358.99,1267387.711
2024,Minerals & Raw Materials,Unknown,545670.877,0.001,545670.876
2024,Plastics & Rubber,Africa,22728779.069,14650.475,22714128.594
2024,Plastics & Rubber,America,217639797.32999998,4355.433,217635441.89699998
2024,Plastics & Rubber,Asia,259543783.368,1417.32,259542366.048
2024,Plastics & Rubber,Europe,366710512.705,38825.091,366671687.614
2024,Plastics & Rubber,Pacific,12648763.727,2.5340000000000003,12648761.193
2024,Plastics & Rubber,Unknown,2957108.398,0.0,2957108.398
2024,Precious Metals & Gems,Africa,1080244.499,0.312,1080244.1870000002
2024,Precious Metals & Gems,America,83772233.91600001,6007.96,83766225.956
2024,Precious Metals & Gems,Asia,404880370.235,0.436,404880369.799
2024,Precious Metals & Gems,Europe,263574792.56899998,4195.484,263570597.08499998
2024,Precious Metals & Gems,Pacific,5325282.575,0.0,5325282.575
2024,Precious Metals & Gems,Unknown,167423.548,0.0,167423.548
2024,"Stone, Glass & Ceramics",Africa,4220332.681,32672.094,4187660.587
2024,"Stone, Glass & Ceramics",America,42916968.72,7185.263,42909783.457
2024,"Stone, Glass & Ceramics",Asia,52446585.12,435.573,52446149.547
2024,"Stone, Glass & Ceramics",Europe,77752711.398,20316.157,77732395.241
2024,"Stone, Glass & Ceramics",Pacific,3231535.515,0.0,3231535.515
2024,"Stone, Glass & Ceramics",Unknown,614538.2880000001,1413.441,613124.8470000001
2024,Textiles & Clothing,Africa,22245528.66,8416.81,22237111.85
2024,Textiles & Clothing,America,169216241.332,69.199,169216172.13300002
2024,Textiles & Clothing,Asia,225829155.141,3712.939,225825442.202
2024,Textiles & Clothing,Europe,322475887.029,11632.746000000001,322464254.283
2024,Textiles & Clothing,Pacific,13326805.845,2.303,13326803.542
2024,Textiles & Clothing,Unknown,1750839.068,0.0,1750839.068
2024,Transport,Africa,37010535.112,490.392,37010044.72
2024,Transport,America,678733630.647,68.995,678733561.652
2024,Transport,Asia,407296065.714,24.307,407296041.407
2024,Transport,Europe,937802931.273,2110.104,937800821.169
2024,Transport,Pacific,55999385.047,0.0,55999385.047
2024,Transport,Unknown,3120956.207,0.0,3120956.207
2024,"Wood, Paper & Leather",Africa,11476731.618,20504.913,11456226.705
2024,"Wood, Paper & Leather",America,113131346.776,382.483,113130964.293
2024,"Wood, Paper & Leather",Asia,159015268.505,22028.701,158993239.804
2024,"Wood, Paper & Leather",Europe,223840131.543,46879.223,223793252.32
2024,"Wood, Paper & Leather",Pacific,8247973.784,0.0,8247973.784
2024,"Wood, Paper & Leather",Unknown,1695547.018,0.0,1695547.018
