importer,PC1,PC2,PC3,PC4,PC5,PC6,PC7,PC8,PC9,PC10,PC11,PC12,PC13,PC14,PC15,PC16,country_cluster
24,-0.7885648743431479,-0.1156036475321663,-0.5664860999194853,-0.0274340883084601,-0.7426830764629588,0.3144309323916931,0.2956611419090161,-0.0110592212567561,-0.243785631299315,-0.0732384112146239,-0.1252691047086824,-0.201781091349519,-0.0014502556439699,-0.4179401021062143,0.2637283638533703,-0.0873455624834763,7
31,-0.8717444112855208,-0.936326515779944,0.6314500615403666,0.1864881677078404,-0.1500696779280043,0.6004599160584229,0.1068678393046248,0.6908828454221672,-1.3803348478679822,-0.7588610688274428,1.5463430888129688,0.4846819715784554,0.3915208054958655,0.5233620417878604,-0.6327912071661402,-0.06339082260074,6
32,-1.5086600274908468,-0.0207911162753751,-1.0848880279836464,0.0296425691948731,-1.7708396743717578,-0.2699006488103518,0.1039827150828335,0.2592321351298974,0.1855358173489744,0.7235466194898567,-0.3001778022577288,0.1714792623279102,-0.2352086385769733,0.998022597635932,0.4089616144070818,-0.4999483280714183,7
36,-1.520220397148555,0.5298370767493565,0.0671135549506719,-0.0929355904565467,0.2774094568784364,-0.4731945628130882,0.052191233533265,-0.6499471540465679,1.4080263559802155,0.1918270595445148,-1.0031053214286592,0.1771995346221841,-0.3061851478232035,1.4490043885302233,-1.3415527093361437,-1.2093311391048858,7
40,0.1454326963027341,-0.2569504974436221,2.14198137836611,-0.0020534558312971,0.0308504575442286,0.5523560727122333,-0.4506584549453237,0.816583620048754,-1.4967703092951417,-0.2613228544261627,1.1869941138463191,0.2673443726202745,0.2254430493206858,0.3531354783459364,-0.5199295669085618,-0.5289651251122409,6
48,1.966359358358856,-0.986299043956785,0.1305610954333649,0.1186962057259028,0.1371189818187047,-1.1418878273069557,0.6400580113727513,-0.0261174951329758,1.4612401733600644,-0.2154666362079978,0.2345171350709027,0.4806288460532631,0.0527464664787466,0.0172626560487877,0.1623356448313265,0.6108259666956575,2
50,-1.3598004869464964,0.1741696941553167,-1.098914499785654,-0.0494509662323164,0.1897101487166697,0.2077789144267006,0.5527164381998698,-0.4400032935468044,0.1871191854042468,-0.3219584322648303,0.1785660595000143,0.0454145023557983,0.084393711374625,-0.0126973135986627,0.2207008720448637,-0.0317672653839321,7
56,2.950918715788153,-0.1553955142044481,1.0777971488194646,-0.0493089750127331,-0.070480681561971,-1.0036379954965868,0.1386413942816232,0.0763495743874736,1.0001775710163288,0.2131509646071015,0.0995243197765783,0.2457545493137133,0.1141327771749359,-0.3224546385099547,0.3614005276352798,0.3491492689520899,2
68,-1.3771490573264291,-0.7626119757165756,0.1624219012039019,0.1821395792467946,0.0082612231719323,0.5411175239437813,0.2808173541032004,0.2262996950453427,-0.9112627860456302,-0.8087390422021704,1.4118824131810597,0.6800082815051951,0.3950966917360191,1.3348170461055453,-1.1408045839019147,-0.3168589111449107,6
70,-0.5328082498802666,-0.4931154612915569,0.0203194145505545,0.0921484223403564,-0.188353551611898,0.3492501426407305,0.0091232182803464,-0.2376831972207733,-0.3612621768143351,-0.0531298517349045,0.0600429369286389,-0.2943122174685833,0.2893233513097289,-1.0905328608334934,0.418298103691725,0.2330172832474447,4
76,-1.294470778733823,0.7685147161107689,-0.8809068684257252,-0.1504501810710687,-0.2178479241043795,-0.1631318567281323,-0.0747274701142018,-0.1678384063554828,0.2191517797020457,0.0089242862894609,0.105337607241925,0.0264734721345672,0.1463869773266923,-0.0952818003426761,-0.4787591509886161,0.0036485711104722,7
100,-0.4849918968208561,-0.5683991488242011,0.3028862751494872,0.1145217769387298,-0.0868183614799295,0.3077574140179882,-0.1072101472768706,-0.1367072980517266,-0.2695196847581131,0.0516312233368641,-0.1243520332489599,-0.3089195677028691,0.1604404439855404,-0.9270304332859456,0.4554181271307222,0.4131758384337796,4
104,-1.3223684863786669,-0.313580381236763,-0.7345968247211241,0.0676294267473728,-0.145730850834176,0.1575344683456315,0.3674357883206453,-0.3800558536596123,0.2818316511938833,-0.2232129475867401,-0.2681037892957419,-0.0389184513164267,-0.0146100077165223,0.1154658483550155,-0.1947529637939931,0.1228958079047551,7
112,-0.6305760021210195,-0.6294640998435644,0.1631827410155046,0.150020749318165,-0.4761432014430127,0.1836630792017976,-0.2042781965131196,-0.0244981815273985,-0.2715468425875372,0.2372415765074641,-0.1956886096938405,-0.2332895122740906,0.0877667183267788,-0.6848045881946708,0.4381995393706394,0.5269501118131773,4
116,-0.2963406406035321,-1.149628174583479,-2.113190357302952,0.5498009427057604,1.6641125584431509,0.929827263852978,-0.6308686026134254,-0.4814941232819357,-0.6546287106003649,0.0486138939241375,-1.6920827346201726,-0.4685196467039509,-0.8723546941270297,1.6014340459159646,-0.5776970714465625,0.3121881120214579,7
124,2.8176771302636863,1.146941250199071,0.2880482697695048,-0.3698516025878541,-0.3389924286634428,-0.8932817446051865,0.4188077433672165,-0.2661219280141542,1.1514575544258765,0.0735233850357296,0.1256174431557136,0.4309988880980339,0.152831008384818,0.2481610003377571,-0.334243292080446,-0.7226984924898177,2
144,-1.2506510592907694,-0.2470133710109405,-0.8051289599934606,0.0351728995510589,-0.4126378244552893,0.1600705086451894,0.3777870243182651,-0.3702640927284416,0.1919417530399118,-0.204334932935186,-0.1669495809657173,-0.0629779642943462,0.1068670320122179,-0.066763792968357,-0.239231390663152,-0.1980401370349358,7
152,-1.302669082235716,-0.1052200367781081,-0.492891862527597,0.0339487516499146,-0.141003547294323,0.0457412749813539,0.1874753808697711,-0.6254662733668989,0.5054331807770224,-0.0281427190674219,-0.409581355930384,0.0029612782916351,0.0688089002018704,0.3827496073303144,-0.5545344616522299,-0.2657930364672284,7
156,-1.5733208647647543,6.635054408781775,-1.959020952514302,-1.2904920997190117,2.4657524038644056,-1.432140941974266,-1.0603657467497196,1.8312726511210893,-0.0369949632809972,0.0967216253991927,1.4057704739226604,0.5540668893966253,-0.849970392491038,0.2766989593589405,0.2715693237068556,1.7773260524583308,1
170,-1.2745816112856303,-0.0457828987707326,-0.7764183821449383,0.0218175079029388,-0.2292539865253409,0.1307977954281221,0.2329651529488474,-0.5747260995108419,0.262447926419841,-0.0934752129409475,-0.0448597899336804,-0.0036843781384672,0.2500409736217465,-0.0290218044739382,-0.2849808058718089,-0.2254580603530005,7
180,1.6762415249369418,-0.7628643301091889,-0.7813465822347945,0.0583325636359681,-0.2593028323615617,-1.1005504214330415,0.9957231721135724,0.0100722566193517,1.3451183833971936,-0.5424302016867183,0.6161630542605323,0.5300616996269394,0.2487729858342326,-0.2314125235438519,-0.0332132126463226,0.2332078670818437,2
188,-1.1234108102824167,-0.2144189940506362,-0.4082337767315482,0.046811686578041,-0.0403557223506222,0.2077160987826209,0.2726903462534583,-0.6051520280127859,0.3399449784407173,-0.1206082356414733,-0.3138705737184055,-0.0522355576006084,0.0843223425266531,0.0872307532274724,-0.2760600124150618,-0.2368781822336843,7
191,-0.4880197792767092,-0.4926506507155558,0.245387542143407,0.0882741525243255,-0.1416328488141318,0.2745009532452283,-0.067540906679001,-0.1373830893069955,-0.2436560328581031,0.0193396179843946,-0.0137743546914881,-0.3092529250995022,0.241076590592036,-1.0494793530015245,0.4010357334139941,0.1426820483065345,4
203,-0.0689537310504817,-0.6033846623356793,1.7446476901953978,0.1138521482670395,0.0955610868677109,0.7264434057221302,-0.3375021859728492,0.7225442804912418,-1.6472473771861766,-0.3759806426558873,1.2597229764849,0.2988245778487801,0.2716550274046591,0.4027658953709774,-0.2798714413836623,0.0914544527374974,6
208,-0.063851188280827,-0.13035557124186,1.3885568176979772,-0.030676170418398,0.1280009644454701,-0.0551160433094267,-0.3748250042757787,0.0409004721954303,0.0813818903680824,0.3479259862248842,-0.5010101538097056,-0.3507786811180335,-0.1070511765935353,-0.7674984487951224,0.2043766449905557,-0.4027451540227909,4
214,-1.0578305776153427,-0.2039502934057246,-0.5702579107577612,0.0377810398828202,-0.0211341348931969,0.2981032014574589,0.3976204717409073,-0.5710306850929581,0.1380238451478274,-0.1937662841819913,-0.0698156754158031,-0.0965830379174053,0.1838158243444548,-0.1808426032522792,0.0633945469365088,-0.3001578147553311,7
218,-1.2896756023079166,-0.2476530930173873,-0.6832440554362406,0.0593614445449014,-0.2192148586331762,0.1361472856117185,0.2768467719806824,-0.5679883809141263,0.3292354441216556,-0.1916249548811843,-0.226431715958267,-0.0392728445034648,0.1646607820409266,0.0039235069479191,-0.4782286100501828,-0.1506032644645183,7
233,-0.4537673072978251,-0.6592107413021968,0.715943618568623,0.1250089228885064,0.0807568269767924,0.1714154804715748,-0.1809290714527249,-0.043652480821262,-0.0608696741057036,0.1422023630792834,-0.4307642627288556,-0.3031201091585555,-0.0862661601218934,-0.6451411131093745,0.3850194338270882,0.4326422847761161,4
246,-0.3104059540432543,-0.1207051448427771,0.8411245806523288,-0.0321518033100586,-0.2202687751702119,-0.0525404684715075,-0.2996278213590967,-0.0519899367151757,0.0421018306106182,0.2445770412682551,-0.3394648955003501,-0.3103658329722383,0.0662781860675014,-0.8087160356187264,-0.0873168570612925,-0.4102690880134694,4
251,6.868809506925066,5.548782543925324,1.675464510363173,-2.0914354037421425,-3.327072333148469,2.593267869719799,2.828486916319771,-2.9769662522566813,-1.754853361238399,-1.2929125489079996,-0.7324772141694362,-1.8756029099488392,-0.3937486717294041,2.209983910088672,-0.5279918519075126,1.0285735599616002,0
276,0.4168435745835924,1.6870827238029955,1.0514694639175026,-0.2672415973569907,-0.0450352436682052,0.0600245992162693,-0.5700325937856108,0.3532793081589424,-0.5151575878364554,0.3166809653641856,-0.4183907569142049,-0.4134781856755392,0.1142371768221691,-0.9275449344453416,0.1484846786320098,-0.8006591318177507,4
288,-0.6432199432326766,-0.1887377795426035,-0.4757759528493128,-0.0113016539217002,-0.329207910214595,0.4865241799706875,0.4784663574321717,-0.0362043283536255,-0.3607820736716574,-0.1946565453119808,0.0127308494180671,-0.2648803695207127,-0.003986977503755,-0.6004719775901558,0.767091827209498,-0.0914588362649622,4
300,-0.4407295359910807,-0.2712950361041507,0.2451794241682447,0.030049965104241,-0.3979479240289294,0.2032273084972942,-0.1913866585920671,-0.0870911351597289,-0.2267368308501829,0.0532389709130163,-0.0369356273458096,-0.3493134466634193,0.2936523841578073,-1.108602608391632,0.0455896921398299,0.0075558067113429,4
320,-1.312866161300625,-0.231243237820284,-0.7719342540737273,0.0607763652573591,-0.1505775218926434,0.2069987863838293,0.3570592997490527,-0.6261778683843314,0.3272515315061539,-0.1810280918921696,-0.1634400660856036,-0.0158386115611895,0.1825671834771552,0.0872510770795297,-0.2903721403519291,-0.2121328273387284,7
340,-1.221499102835578,-0.4956845846852977,-0.4485549690602398,0.1244352004824789,0.0101579217282067,0.2116939350638181,0.3149018361072966,-0.4506303577501868,0.3079677263826511,-0.1799775526010579,-0.4137905406372051,-0.0783218035548861,-0.0630795659707254,0.159695586540126,-0.1404233731584774,0.1945964166642532,7
344,-0.465569724826162,-1.1090688322700777,2.4766426917268065,0.4137062799456776,1.2338859790218824,-0.1850616781919819,-0.7852152238780078,0.0967063415568042,0.837034379656231,0.6400939308677933,-2.0760438761226827,-0.2529965080894281,-1.0337055041171124,1.1741972147079005,0.1388721980802071,1.7228095674450234,3
348,-0.3783713929374466,-1.0499756987033424,1.6103382781978388,0.2393023549978177,0.2727272113042649,0.6285242393803194,-0.296037993204456,0.7514005066377716,-1.5169078636632838,-0.4137665948250328,1.314340523027372,0.3632930525284134,0.2647982686745687,0.4695511380591416,-0.1425136340380705,0.4017624769697092,6
360,-1.5599556844571922,0.7569830014829941,-1.168345721404359,-0.1448275992886436,0.2838485470411853,-0.015685431560287,0.2538073303806774,-0.530598908324992,0.4392538920344304,-0.1496217191946616,0.0477638483895797,0.1507077694515906,0.0135625921134526,0.4967875053049155,-0.3150376505723136,0.2241759344182711,7
364,-1.0109634983465472,-0.1114232563920555,-0.7200082532071526,0.0183466904835998,-0.8311976187984987,0.0644993956466832,0.1326665098110462,0.1027616473935017,-0.2252117065182418,0.1642186918794281,0.1368721731549882,-0.0644334636163432,0.0934961835794441,-0.4056467203929628,0.5255199522894644,-0.0196193680730253,7
368,1.6783170439533226,-0.6816469322311375,-0.9524129009940157,0.058717894647648,-0.2507571901636955,-1.03486314044517,0.9366514045615622,-0.1373558866686243,1.195232530873363,-0.5094381351394414,0.8531122978779888,0.5571839549361002,0.4666713897439326,-0.4115127840978326,0.0906618410918765,0.343008147523307,2
372,0.4184877286519864,-0.3049494254353773,2.5715860321384016,0.0088015304252015,1.2542783527961627,0.1102280218852477,-0.3794273372251175,0.1146170326323348,0.2154781981647953,0.5122105325399735,-1.0104533973311578,-0.4876004258307036,-0.6844666148178828,-0.2671260399211311,1.1183031322715302,-0.0458652912706231,3
380,0.5322621124732613,1.3618486393760931,0.7195280937130091,-0.3232622709488964,-0.481332594921102,0.611434649595941,-0.3973041655859913,0.0818613088895404,-0.6608819303717075,0.2021725363428235,-0.2252491994843733,-0.3628294320722356,0.1620583166373387,-1.214337775308089,0.154430401366097,-0.6289715607474826,4
384,3.0608658854084734,-0.8327535591202747,-2.732219320725453,0.3331392705594944,1.07818541891752,0.0748825568653534,0.0983890327154064,-0.3164225199534756,-0.1546541019831888,-0.262364038843561,-0.2272067825485045,0.0329775104708163,-0.217541959998036,0.795272276389706,-0.1123378387133289,0.031404044869068,5
392,-1.2453307027073002,1.3506624099929931,-0.1994116269509292,-0.1935537824980403,0.1903333358862422,-0.6096263731850227,-0.3748136114215087,0.0014976577441924,0.6552044432795697,0.196221937743575,-0.3784329857540172,0.0876352899298405,0.011931401249763,0.3236642981095006,-0.9884164123694296,-0.83151523620862,7
398,-1.072774383879937,-0.7626001441837867,0.4670145770405832,0.1577764217885848,-0.0200383826146911,0.5387624605212439,0.1907297153613791,0.5016562344587652,-1.1646733460506076,-0.6871257532080693,1.5515838706156369,0.6101547165416586,0.4038531712246882,0.9416117571552431,-0.6342727490190252,-0.3547267853734289,6
400,1.9032563955115485,-0.7650638578720104,-0.6367803761692807,0.0954478889419957,-0.3719965367989298,-0.9368274266769612,0.6873071939070603,-0.2240258910556251,1.0797098002846364,-0.2880763499112916,0.7648271242221849,0.490268148100807,0.5066434450792265,-0.4346697535600469,0.1521166785661879,0.554440850266549,2
404,-1.0562097756668685,-0.2044298666978204,-0.8051524906175883,0.0154903935057474,-0.1636641238169877,0.3031398068582168,0.4923572939041272,-0.3175974698235032,-0.0593478001407001,-0.3341292404375626,0.1277377284659598,-0.1231374080212909,0.1864005934294247,-0.5182630267971325,0.2423217477444927,-0.1777474128079743,7
410,-0.6788227832370919,0.7562722441036906,0.1975272595284875,-0.1206184030646447,0.1172766749184778,0.044621459030878,-0.0622675939428591,-0.4234447421525378,0.3139405788525084,0.1301827978089318,-0.6305946544445697,-0.1554171324640036,-0.056957487583669,0.346511936547002,-0.4382765503733073,-0.5400592334230372,7
414,2.011796810847412,-0.6659577161167671,-0.0138869132127049,0.0214102139443314,-0.3360903461782436,-1.2580456543568466,0.5586747886711574,0.034585159429268,1.4227153968282749,-0.1628941659052475,0.3814838429108398,0.4795450733422799,0.2245903800010339,-0.2136554267279177,-0.196719927604601,0.143163683000378,2
422,1.7759892687795196,-0.8107069871723122,-0.906533395251944,0.1122052960362804,-2.0273658642769354,-1.2992817406711863,0.4236679679339296,0.5917387511846818,0.8672328668628652,0.5054778201380532,0.6470606621391245,0.594548118205193,0.2114260894415282,0.1805841463648894,0.7051751709105069,0.4295972931555418,2
428,-0.543267982857626,-0.6345102021116844,0.4370820437418145,0.1213437046253222,0.0020065071618824,0.207715203602746,-0.105018577644532,-0.1213203560981498,-0.1234074217749634,0.0680471580905077,-0.2652412214951694,-0.2724761395739372,0.0492151531816145,-0.7589814386068561,0.3709982292947688,0.3644935331745645,4
434,3.8393088801119752,-1.5801312032033612,-2.586208531684851,0.5964174618226653,0.9075492802686536,-0.4558217752068909,-0.6409998036205952,0.733123677498467,-0.4756404828486924,0.2190799085561208,0.5137282643693217,0.2133691927170606,0.1951172309114429,-0.9214499608751038,0.4559450801863788,-0.5965517599044288,5
440,-0.4663831490904841,-0.6429940447716264,0.6057763303785352,0.1300149149304478,0.1849909212670163,0.2422543010656733,-0.1033460749850544,-0.123238839599082,-0.1112131412023817,0.1058365261495761,-0.3177862688368326,-0.2932933351043082,-0.0190490727836571,-0.6773264418584517,0.5559556427184791,0.4006886009402701,4
442,2.0134368314276614,-1.6030490689893455,5.091801304621423,0.2399946630185085,1.585828225667135,-0.7049802774112577,-0.8955484866336169,1.6928832757640095,0.0306373920669339,0.2975094158862914,0.0899120786170777,0.4910588474686014,-1.0102691649207949,1.440558593164719,0.0177015239558586,0.6960714238721916,3
458,-1.1648467782560843,-0.2866949560902663,-0.1014034402722147,0.1201689809167138,0.3968420270530153,0.1640782229993428,0.1533962988501956,-0.5900629439411744,0.4797820372901357,-0.0258409630953589,-0.6205154108599618,-0.037863510558948,-0.113546844124779,0.5318662692940402,-0.1415652385200417,0.2700879531604198,7
470,-0.0889073140550999,-0.8278842554090629,1.3744260308609062,0.1582593976716474,0.8929500203282579,0.3789899552159385,-0.0558996812070589,0.0465685136278028,-0.1007431138600065,0.1100798059111331,-0.5551660534635614,-0.4170938598672425,-0.3625960754549011,-0.6527682310531212,1.1965651948885463,0.6044730082814344,4
484,-1.2815664853704936,0.3185168964252339,-0.5287426883644611,0.0155757982552759,-0.0456393029953152,-0.1098624849303234,-0.0480276081365586,-0.3399012276537816,0.3525371274588745,0.0303123393500725,-0.2836401116314838,0.0194083508295922,0.1093905346977091,0.2305097340729799,-0.4559964230069149,0.1169763697925544,7
504,5.138160168931419,-1.6413166320487904,-4.315201224649616,0.8446805006647927,1.6978233251234127,0.3568917508934755,-2.0902303862168186,0.6271249433060816,-1.806140317869567,0.6763112160393895,-0.5937671423853835,-0.3065236193991938,-0.2247085215568147,0.0353949574637457,-0.6171875799221888,-0.4525763947564047,5
512,1.7938945326889804,-0.7228389456654585,-0.3955262277527675,0.0695910740758428,-0.1346706232345672,-1.1142102416495774,0.7211560735068271,-0.2606078184583687,1.43440744143431,-0.2579276930397601,0.4887710590039726,0.5570396826893939,0.3173628476953151,-0.0050305777502678,-0.0785279951614602,0.2861183953492396,2
528,0.6263044385607321,0.5589517646447484,1.7736342072132485,-0.1227896495620216,0.0959246150820093,0.3520218925169195,-0.5038880504370564,0.1304825612545274,-0.3651617712268898,0.4113849819469123,-0.8213738149925243,-0.5404170810084902,-0.223796867820132,-0.7096713086899907,0.4459909517702606,-0.1846843742379933,4
554,-1.768348796410358,0.1024993985196431,-0.3025476986060406,-0.0109928761106162,0.1859586254249253,-0.2904438374898396,0.270138073277105,-0.9366038123758438,1.4640406227684304,0.0578605686095274,-1.0456453828371648,0.210774282369632,-0.2959907150891819,1.692350314571982,-1.422923560717595,-0.8965317090050801,7
566,-0.8570955715772743,0.1240763133498645,-0.5838722349798862,-0.0684761257875199,-0.3379276632440928,0.142205333632605,0.0982547485935006,0.2372772854339007,-0.2988638701247675,-0.0613200534905579,0.1880436556093513,-0.1626513423442862,-0.0345753029205713,-0.6789777092030919,0.5173084352108654,0.5673988849725297,4
579,-0.0092463158923321,0.1126802952491019,1.634499838514921,-0.1153328089438959,0.0833851407813443,-0.261106898052138,-0.4128169834989821,0.1132475792720384,0.3071590945846119,0.4456784181541459,-0.5370576039856922,-0.3175632837299782,-0.1469067206946999,-0.7132678950925683,0.0139996283755229,-1.0319798805669216,4
586,-1.2106263696456026,0.3564678123939206,-1.069924132141254,-0.0981846354753983,-0.1870645927487038,0.1222880650799392,0.2605430600591607,-0.2268852979974975,-0.0482473368660702,-0.1477864347599025,0.3519675426404186,0.0106674553224731,0.1685691684426578,-0.3582852934970526,0.2066897756751727,0.2422641575679085,7
591,-1.113118569305902,-0.3985813820104374,-0.1845978449025088,0.1066744696783933,0.2815198113379751,0.1924823074685859,0.285850441769847,-0.57896571258245,0.398287999440552,-0.1098044411592301,-0.3792777424174086,-0.0647254844702527,-0.0064298274800323,0.1467492530736932,-0.0444166931269367,-0.0840873113995641,7
600,-1.331911940562569,-0.8234811294987483,0.3077171096364466,0.2094082515281462,0.0700802435516555,0.535880685271893,0.2583181073600818,0.2781256885034771,-0.8900438235047604,-0.777873698802648,1.3443227568144165,0.6629287242961089,0.3195051171050059,1.3729966354023604,-1.05960174537037,-0.2733802273967584,6
604,-1.3513111467579666,-0.1386580050210696,-0.7474162782833612,0.0431525799149964,-0.1596211774602787,0.1183983202212754,0.280522616120349,-0.6353906623224643,0.3819659169516086,-0.1366770905588188,-0.2047549267430486,0.0082960790117792,0.1700297721390186,0.1688606909451022,-0.4298397091734406,-0.2016582572761743,7
608,-1.4716737931419068,0.0833593108948859,-0.8968349167990132,0.0086163579525515,0.247843857979767,0.1654530300283062,0.4039072519163152,-0.7007224289715077,0.4710779450835892,-0.1973486193601761,-0.1936513880370819,0.0816475470350858,0.0428283637200805,0.496892854615644,-0.2248472915553963,0.0128308295369477,7
616,-0.2535877759837436,0.0804464201092863,0.3101197295867103,-0.0097050386783935,-0.0445550935594393,0.3781624611181917,-0.0942300045789456,-0.2115380517096111,-0.3841088459959202,0.0946027003920382,-0.0868760422648645,-0.3538695134706895,0.2050746292554627,-0.8326134408114159,0.5173265604554854,0.0495059061905002,4
620,0.1221452223990588,0.2358975895903714,0.5364898712496236,-0.1186051560216317,-0.3954060225676604,0.5486888101973948,-0.1767088520285329,-0.1545755959464382,-0.5319480860386251,0.1088655016641928,-0.1267367692096194,-0.4821452022787308,0.1951182483584768,-1.1488055362719576,0.3100834055713948,-0.1552032308119038,4
634,2.3034192246895056,-0.4391087461062691,0.9022603150308562,-0.0529711684984969,0.0931044154803295,-1.4689701656231604,0.4244519392251614,0.1018327765006388,1.80980725970094,0.0635286286374287,0.0826075872464142,0.4989528507737413,-0.038590209464835,0.0459021587009051,-0.1662758381026112,-0.4871316047174501,2
642,-0.5217199979348145,-0.2470733589467632,0.0221413025263842,0.0374351380196975,-0.1898974944189637,0.3079531801652136,-0.0079821545785867,-0.270303122770354,-0.2993406764307709,0.0066391851657879,0.0613275901680804,-0.2451068889882107,0.3186296390262695,-0.9768736101909148,0.3733810737462666,-0.0033589322003969,4
643,-0.6782800220483991,0.6091051954161915,-0.3489951605344047,-0.132512602654506,-0.291268986092727,0.0485343029868952,-0.1859570890908343,-0.0500300313085582,-0.2964086743442267,0.1121130638248512,0.2347555113736326,-0.1527210865277057,0.2686647845741882,-0.8097058121083011,0.1511557486605142,-0.0313041680714919,4
682,1.9739245400024068,-0.1936975189536778,-0.3778209225682346,-0.0440088193483315,-0.1605678025302815,-1.145794799457108,0.6373521478046484,-0.2200792376874872,1.3235457351897264,-0.1684165856359188,0.6819109039553047,0.5716093503649549,0.4443826453400266,-0.1841419588368568,0.0084554744281843,-0.1323923333910092,2
688,-0.7585258335122441,-0.4787418108403011,-0.0390635734016982,0.1027765761657655,-0.1630763131866222,0.2540276757101677,0.0191194650661614,-0.2894208337568423,-0.0851840119628617,0.0076426842919442,-0.155355347400749,-0.2179562762319588,0.1566166648185283,-0.5704192862804002,0.2043951057149002,0.2317723088422121,4
699,-1.6906347425779602,3.655283853767621,-2.0644359087106934,-0.8189658451993554,1.608501389992803,-0.6706856770172791,-0.3548967467066882,0.916006408244712,-0.0969198104517217,-0.1419329645282867,1.5773696164853768,0.4593198772581144,-0.5923618738081297,-0.1114946823088326,0.8615451161991036,3.1214383461608453,1
702,-0.3627273332892386,-0.7473581288546097,2.574346555617147,0.2389262558229609,1.3875479411804628,-0.2208997259744759,-0.5992467810540568,-0.0054835238555047,1.0137179950803843,0.6239442515350933,-1.991223986072808,-0.2518103996501495,-1.1215471028664197,1.250968986563347,0.1204991129312083,0.9109362087846592,3
703,-0.2971480579344737,-1.1133662621101517,1.8321255084728656,0.2446692834053543,0.3490689135519036,0.621683650496719,-0.361307558120471,0.789155073366946,-1.4886781368376694,-0.3838487112703398,1.2003649403498695,0.3318474712858463,0.1837383930714806,0.4814127409655466,-0.1623443103636672,0.5014115445894058,6
704,-0.1719794391892504,-0.8852082574587001,-1.8670367375331192,0.540590196977185,1.8443815916853472,0.875594903164929,-0.9515175731055008,-0.4891214430679749,-0.7351890192962046,0.3099346228982291,-1.6630441997275116,-0.4318931786066475,-0.8224523636323072,1.6777978982646435,-0.360883265991969,0.7153083885375259,7
705,-0.2346944334472227,-0.5857992239856151,0.906545238122318,0.1066487169132637,0.1049042758142228,0.2354549872901387,-0.2721930482515896,-0.0334941290899542,-0.2031376828704283,0.1941362051861757,-0.3550249076856933,-0.3740617998292844,-0.0167702534511587,-0.8847055165980955,0.5167267760019545,0.4327590532212334,4
724,0.6507193529830032,1.2462844030388172,0.7023059371362175,-0.3297569332028635,-0.4588534557082963,0.7961875239078712,-0.2732261914481518,-0.0525770583991524,-0.7767484851238043,0.1634576866385913,-0.1749759525057962,-0.5191524975587465,0.1604184827815932,-1.21207706033872,0.3497380191397674,-0.5499365609675562,4
752,-0.1454288507164103,0.0371156962153368,1.0926125915351876,-0.0544734403593291,-0.0147464608018534,-0.0246899087657978,-0.3316321241011304,-0.0334400174810232,0.030508251895692,0.3120887290570186,-0.4022223671832778,-0.3262364404032992,-0.0006103369015343,-0.7483861670221303,0.1079290667671671,-0.4919114322708358,4
757,3.1281531868876256,-0.3358460818322341,2.636696023924266,-0.0743357467142186,0.2969404818920677,-0.9454245540908616,0.0006439606823761,1.0571848186562227,0.0554078642698007,-0.2687777965056879,1.6434437995554352,0.92996074070203,0.2293243827356707,0.8723422163418462,-0.557656487102253,-0.683083550330283,2
764,-1.0192301782261806,-0.0140722842170953,-0.1705487977397306,0.0456579069993658,0.1167799099954368,0.1765470408394123,0.0036633729458461,-0.5231576883803243,0.2679704326609713,0.0143080404041758,-0.5255533090021162,-0.102879752058826,-0.0415098606173596,0.2991183617593302,-0.2972765113809765,0.4061425433192394,7
780,-0.9656910616989433,-0.3847925602358582,-0.1045512502570851,0.0734352895690615,-0.4605589150255288,0.0151336403296104,0.0015050961455744,-0.2137976711849451,0.2225698454606428,-0.0402749755368873,-0.3921656970087458,-0.1637912252463847,0.0413993425498406,-0.3322766830102702,-0.5233164564489285,-0.0426652223434255,7
784,2.7081385420412043,-0.1424315692374065,0.9191363886747322,-0.0699534016037624,0.2035900163062055,-0.9362592279363928,0.3662782409492842,-0.1084595540881432,1.3275307829237306,0.0966632334576152,-0.1168145853004104,0.3585280366769653,-0.0974425533952633,0.2533779649808986,0.2075353274178908,0.2685690012661376,2
788,5.794284499876687,-1.1462354963914374,-3.971435843795696,0.7892336591575667,1.2993801303682715,1.1632406321363224,-2.333621707488429,0.8637226329347768,-1.7821309344298428,0.8126127744830706,-0.7998504244586554,-0.4615880720223071,-0.3055293257700002,0.0733521951765734,-0.5647902307647954,-0.4558758997089607,5
792,0.1925612535425627,1.0456469236393835,-0.0744244757043936,-0.2845464970368373,-0.564705721075658,0.8575692864387728,0.152000552395585,-0.1082345017146178,-0.8276787323407029,0.2107453682235006,0.0121918629027371,-0.2930638639033127,0.0140673623231167,-0.6038329579361215,1.1179416535585427,-0.4413459508727979,4
804,-0.6311957183906053,-0.3345871944787039,-0.1109352487908239,0.0661672562321425,-0.929059309071996,0.1483501902297661,-0.3108685744464482,0.0783665378312321,-0.3592789152454135,0.1923166670927605,-0.0842247852154876,-0.2798969156321638,0.2217772735060529,-0.9085246968231344,-0.0097904442335685,0.5046793525156111,4
818,2.0003612136438407,-0.005176474262772,-1.1367631425848306,-0.1070873371450882,-0.6426610029817358,-0.8343242728329435,0.8628360193526122,-0.1315790811837125,0.817227885733667,-0.2335515606235515,1.1074036904459754,0.5360622802721177,0.5226303849820126,-0.3729443587995734,0.5671594493487768,0.1869650229589914,2
826,0.078434879698421,1.108737164349654,0.7619332556307884,-0.2149155253999306,-0.0684061055454984,0.0521158127283785,-0.4186717219126747,0.2026900879758995,-0.3313601129091124,0.2617723767302788,-0.1818191855586775,-0.3443221185297731,0.150560252208102,-0.979164458198816,0.1795468307249245,-0.7463725108657864,4
834,-1.050805577289275,-0.1204673626111765,-0.8714862288412766,-0.0212816041416621,-0.0489781233833128,0.368825108176254,0.6472688754708052,-0.3221813882573054,-0.0413513478469503,-0.450482405266611,0.0796390316542074,-0.144105986638163,0.0986984016960546,-0.4273861028124683,0.2543293293369547,-0.2326531046315733,7
842,-0.5010990904969811,5.92667413015422,0.3704760275990146,-0.9630327018643275,1.588721502513442,-1.6912611974038985,-1.505810449836534,2.092061765994917,0.2083227149667252,0.5837633246456697,-0.1371374899642909,0.1733998790115049,-0.4384764885659768,-0.1247353734856727,-0.7032554961364009,-2.461882755103636,1
858,-1.241911488979533,-0.1907302704078998,-0.461132193492981,0.0489448868657592,-0.3591574493517066,0.049341219151193,0.1983185741512468,-0.4704558527183028,0.4832416762298242,-0.0134488752694502,-0.3744229843722382,-0.0538240844077964,0.0502791177412183,0.2485445600944942,-0.516401578490422,-0.3863499338939205,7
860,-1.1477794499155385,-0.8058266206179335,0.1195786383089033,0.1672101306933038,0.1297340671866271,0.6890569882043732,0.5621779847383768,0.5689616737997351,-1.2658039392211236,-0.924356304723909,1.7144217219174982,0.6132066502257175,0.329980992856909,0.899418572610283,-0.2222446470442141,-0.412783673467505,6
862,-1.7091759212317268,-0.584788530646814,-1.7012340851577583,0.1957518968005073,-5.470354166987519,-0.904861828925906,-0.2704040216461987,2.395724343140175,-0.6118463578705231,2.515874272685487,-0.54370372094301,0.4098431267900995,-1.1531717940817694,2.364244426281836,2.6716816892696658,-0.3478274698789895,7
894,-1.1631203277393176,-0.9520222758603202,0.254426030547889,0.1984501487035146,-0.0299379444715405,0.6203201002899071,0.4569516614132319,0.6996558730628758,-1.2030337942384866,-0.9164991948994372,1.472704870084733,0.5711671685204589,0.1994583741366213,0.9805380295058772,-0.519424681844336,-0.1831618202922493,6
